COD;MUN.DIS;MUN;PROV;N2019;N2018;N2017;N2016;N2015;M2019;M2018;M2017;M2016;M2015
25001;Abella de la Conca;Abella de la Conca;Lleida;1;2;1;;;;;;;
8001;Abrera;Abrera;Barcelona;139;165;157;175;165;655.76;687.25;613.69;603.94;558.08
25002;Àger;Àger;Lleida;5;5;4;5;2;;;;;
25003;Agramunt;Agramunt;Lleida;77;8;61;67;52;341.2;328.07;305.25;312.17;318.06
8002;Aguilar de Segarra;Aguilar de Segarra;Barcelona;3;4;2;4;5;;;;;
17001;Agullana;Agullana;Girona;14;18;18;17;3;438.93;462.78;431.44;463.82;349
8014;Aiguafreda;Aiguafreda;Barcelona;79;65;67;6;53;505.19;522.56;470.31;443.05;418.13
43001;Aiguamúrcia;Aiguamúrcia;Tarragona;13;11;9;8;8;458.08;384.09;400.4;386.29;445
17002;Aiguaviva;Aiguaviva;Girona;6;2;2;6;2;;;;708.33;
25038;Aitona;Aitona;Lleida;5;7;13;11;18;469.58;324.29;352.08;325.91;356.02
25004;Alamús, els;Alamús, els;Lleida;12;5;9;11;1;;;373.33;352.16;333.5
25005;Alàs i Cerc;Alàs i Cerc;Lleida;1;;;;;;;;;
25006;Albagés, l';Albagés, l';Lleida;1;;1;;;;;;;
17003;Albanyà;Albanyà;Girona;2;;1;1;1;353.25;;;;
25007;Albatàrrec;Albatàrrec;Lleida;26;28;32;33;32;365.83;362.86;344.21;308.64;331.56
25008;Albesa;Albesa;Lleida;12;4;1;5;;;;327.5;;
25009;Albi, l';Albi, l';Lleida;1;1;;1;2;536.94;;;;
43002;Albinyana;Albinyana;Tarragona;18;21;18;17;19;;531.9;514.17;477.06;419.48
43003;Albiol, l';Albiol, l';Tarragona;1;1;3;;;721.11;;;;
17004;Albons;Albons;Girona;9;7;14;12;11;375.15;612.61;634.14;823.5;665.91
43004;Alcanar;Alcanar;Tarragona;9;96;96;61;58;;351.8;348.85;301.51;303.78
25010;Alcanó;Alcanó;Lleida;;;1;;;393.38;;;;
25011;Alcarràs;Alcarràs;Lleida;12;13;145;145;111;387.72;372.41;350.75;340.11;333.85
25012;Alcoletge;Alcoletge;Lleida;41;38;41;7;62;428.94;376.43;375.43;340.37;342.27
43005;Alcover;Alcover;Tarragona;49;36;51;29;37;300.34;394.6;419.6;439.67;377.03
43904;Aldea, l';Aldea, l';Tarragona;59;72;52;61;42;268.33;297.78;279.53;281.79;250.83
43006;Aldover;Aldover;Tarragona;6;1;2;5;3;411.38;302;;;
43007;Aleixar, l';Aleixar, l';Tarragona;9;5;13;1;4;1219.85;;34;376;
8003;Alella;Alella;Barcelona;16;167;169;128;136;;1071.34;1121.66;1025.99;1029.76
43008;Alfara de Carles;Alfara de Carles;Tarragona;1;;2;2;;344.71;;;;
25013;Alfarràs;Alfarràs;Lleida;17;16;11;15;18;;328.13;258.59;282.4;288.55
25014;Alfés;Alfés;Lleida;;4;2;;3;367.73;;;;
43009;Alforja;Alforja;Tarragona;11;2;8;1;2;;386.75;352.5;383.07;314.29
25015;Algerri;Algerri;Lleida;1;;2;2;;331.21;;;;
25016;Alguaire;Alguaire;Lleida;14;18;14;2;16;;309.44;305.82;319.36;314.28
25017;Alins;Alins;Lleida;;;1;2;;;;;;
43010;Alió;Alió;Tarragona;4;4;8;3;2;345.24;;413.75;;
25019;Almacelles;Almacelles;Lleida;71;65;6;78;62;;326.85;317.25;303.76;303.06
25020;Almatret;Almatret;Lleida;1;;1;;;346.5;;;;
25021;Almenar;Almenar;Lleida;2;25;15;16;1;;347.6;31;335.63;368.5
43011;Almoster;Almoster;Tarragona;5;5;3;6;4;;;;511.67;
25022;Alòs de Balaguer;Alòs de Balaguer;Lleida;;;;;1;617.47;;;;
17006;Alp;Alp;Girona;47;54;47;32;3;;452.39;448.72;476.66;432.47
8004;Alpens;Alpens;Barcelona;5;6;4;;2;526.14;338.33;;;
25023;Alpicat;Alpicat;Lleida;22;44;3;29;27;;514.97;499.83;468.62;430.19
25024;Alt Àneu;Alt Àneu;Lleida;2;2;3;1;1;619.68;;;;
43012;Altafulla;Altafulla;Tarragona;127;127;117;99;100;438.54;592.88;600.21;562.62;533.6
17007;Amer;Amer;Girona;24;2;32;25;18;384.31;404.25;418.69;349.2;37
43013;Ametlla de Mar, l';Ametlla de Mar, l';Tarragona;74;64;8;69;7;1036.94;356.76;366.58;397.29;357.98
8005;Ametlla del Vallès, l';Ametlla del Vallès, l';Barcelona;95;109;103;84;78;450.49;950.23;917.33;851.81;808.97
43906;Ampolla, l';Ampolla, l';Tarragona;77;56;75;68;38;317.99;395.89;379.2;359.69;345.32
43014;Amposta;Amposta;Tarragona;309;274;287;224;258;469;312.28;292.59;304.01;272.59
17008;Anglès;Anglès;Girona;94;100;104;121;102;370.51;413.15;391.11;353.31;357.88
25027;Anglesola;Anglesola;Lleida;14;13;1;9;1;293.13;378.26;289.59;330.56;26
25029;Arbeca;Arbeca;Lleida;8;12;1;4;8;438.76;266.25;26;;288.12
43016;Arboç, l';Arboç, l';Tarragona;101;82;104;97;81;;400.74;376.8;344.73;335.57
43015;Arbolí;Arbolí;Tarragona;2;1;3;1;1;401.39;;;;
17009;Arbúcies;Arbúcies;Girona;179;162;148;172;143;659.39;382.68;347.1;337.92;306.29
8006;Arenys de Mar;Arenys de Mar;Barcelona;374;353;319;34;359;618.7;636.02;573.18;551.53;545.76
8007;Arenys de Munt;Arenys de Munt;Barcelona;193;172;181;196;178;417.5;607.09;568.35;509.56;519.83
17010;Argelaguer;Argelaguer;Girona;6;6;3;4;3;;488.33;;;
8008;Argençola;Argençola;Barcelona;2;1;;;;;;;;
43017;Argentera, l';Argentera, l';Tarragona;2;;;;2;747.45;;;;
8009;Argentona;Argentona;Barcelona;258;203;214;177;193;536.25;754.79;685.8;637.94;584.14
17011;Armentera, l';Armentera, l';Girona;16;14;15;5;16;;510.71;524.67;;425.56
43018;Arnes;Arnes;Tarragona;;;;;;;;;;
25031;Arres;Arres;Lleida;;;;;;;;;;
25032;Arsèguel;Arsèguel;Lleida;3;3;;2;2;376.12;;;;
8010;Artés;Artés;Barcelona;85;108;137;93;9;;377.55;338.25;324.41;308.49
25033;Artesa de Lleida;Artesa de Lleida;Lleida;5;1;4;4;2;313.52;;;;
25034;Artesa de Segre;Artesa de Segre;Lleida;48;43;39;29;43;346.67;319.42;283.85;273.1;274.53
43019;Ascó;Ascó;Tarragona;6;8;2;3;11;;284.38;;;229.55
25036;Aspa;Aspa;Lleida;;2;;1;2;;;;;
25037;Avellanes i Santa Linya, les;Avellanes i Santa Linya, les;Lleida;3;2;3;1;;375.74;;;;
8011;Avià;Avià;Barcelona;34;18;25;35;15;408.22;442.22;325.4;387.5;304.67
8012;Avinyó;Avinyó;Barcelona;32;37;39;34;24;780;344.97;339.13;295.53;294.62
17012;Avinyonet de Puigventós;Avinyonet de Puigventós;Girona;15;1;18;11;18;464.8;664.75;742.93;736.36;646.39
8013;Avinyonet del Penedès;Avinyonet del Penedès;Barcelona;17;22;16;15;2;719.33;630.36;494.69;438.13;453.17
8015;Badalona;Badalona;Barcelona;3582;3769;3352;3133;3031;271.86;688.56;638.24;580.08;549.16
8904;Badia del Vallès;Badia del Vallès;Barcelona;36;29;43;35;27;342.41;315.27;274.64;247.23;208.35
8016;Bagà;Bagà;Barcelona;27;25;21;16;19;;342;335.43;280.63;321.32
25039;Baix Pallars;Baix Pallars;Lleida;3;6;6;4;4;335.24;355;28;;
25040;Balaguer;Balaguer;Lleida;389;354;334;329;29;500.26;331.65;320.47;291.12;289.38
8017;Balenyà;Balenyà;Barcelona;57;73;6;56;55;390.8;474.38;452.51;414.21;358.84
8018;Balsareny;Balsareny;Barcelona;45;35;2;29;25;498.15;374.91;396;315.38;341.4
43020;Banyeres del Penedès;Banyeres del Penedès;Tarragona;47;37;3;42;41;540.06;446.19;446.17;453.81;452.32
17015;Banyoles;Banyoles;Girona;475;417;458;382;431;321.25;496.51;451.59;426.68;408.55
25041;Barbens;Barbens;Lleida;8;4;6;5;5;;;316.67;;
43021;Barberà de la Conca;Barberà de la Conca;Tarragona;4;4;3;2;3;711.19;;;;
8252;Barberà del Vallès;Barberà del Vallès;Barcelona;442;44;413;38;373;978.81;633.41;613.13;569.25;541.71
25042;Baronia de Rialb, la;Baronia de Rialb, la;Lleida;51294;1;1;1;2;;;;;
17016;Bàscara;Bàscara;Girona;3;27;16;18;26;568.65;513.15;433.85;560.28;407.12
25044;Bassella;Bassella;Lleida;26;;;1;1;;;;;
43022;Batea;Batea;Tarragona;1;4;3;5;6;290.71;;;;300
25045;Bausen;Bausen;Lleida;14;;;;2;;;;;
8020;Begues;Begues;Barcelona;;118;102;113;99;795.49;863.74;910.91;731.65;841.67
17013;Begur;Begur;Girona;434;26;16;24;2;693.62;594.42;547.6;643.95;694.54
25046;Belianes;Belianes;Lleida;32;1;3;1;5;;;;;
2517;Bellaguarda;Bellaguarda;Lleida;4;1;1;1;;;;;;
17018;Bellcaire d'Empordà;Bellcaire d'Empordà;Girona;1;13;12;9;5;532.86;521.35;500.42;51;
25047;Bellcaire d'Urgell;Bellcaire d'Urgell;Lleida;14;8;8;7;6;327.73;305;31;297.14;282.5
25048;Bell0lloc d'Urgell;Bell-lloc d'Urgell;Lleida;11;29;23;16;14;330.42;356.19;374.22;291.27;366.48
43023;Bellmunt del Priorat;Bellmunt del Priorat;Tarragona;24;;3;1;1;;;;;
25049;Bellmunt d'Urgell;Bellmunt d'Urgell;Lleida;;;1;;1;;;;;
8021;Bellprat;Bellprat;Barcelona;;3;1;;1;;;;;
25050;Bellpuig;Bellpuig;Lleida;1;94;9;76;100;365.65;342.74;349.39;323.26;315.17
43024;Bellvei;Bellvei;Tarragona;94;13;13;19;21;458.17;409.18;412.54;425.79;395.6
25051;Bellver de Cerdanya;Bellver de Cerdanya;Lleida;2;46;49;55;79;488.9;455.12;445.61;478.83;460.19
25052;Bellvís;Bellvís;Lleida;59;14;7;8;8;333.23;300.48;381.36;325.63;306.88
25053;Benavent de Segrià;Benavent de Segrià;Lleida;15;9;6;9;2;450;438.89;455;418.89;
43025;Benifallet;Benifallet;Tarragona;6;2;3;2;;288.33;;;;
43026;Benissanet;Benissanet;Tarragona;6;7;1;2;5;290;315.71;;;
8022;Berga;Berga;Barcelona;6;357;358;353;269;391.97;356.91;343.6;319.64;322.59
17019;Besalú;Besalú;Girona;300;43;24;39;33;491.13;436.21;471.17;384.53;394.38
17020;Bescanó;Bescanó;Girona;4;42;45;22;35;590.47;693.33;596.17;585.68;505.38
17021;Beuda;Beuda;Girona;43;;1;;2;;;;;
8023;Bigues i Riells;Bigues i Riells;Barcelona;2;96;122;92;115;781.18;735.41;686.06;652.32;594.15
25055;Biosca;Biosca;Lleida;106;;2;2;2;;;;;
43027;Bisbal de Falset, la;Bisbal de Falset, la;Tarragona;3;;1;1;2;;;;;
43028;Bisbal del Penedès, la;Bisbal del Penedès, la;Tarragona;;32;38;47;26;553.17;526.5;475.19;442.64;473.61
17022;Bisbal d'Empordà, la;Bisbal d'Empordà, la;Girona;41;247;21;224;267;450.89;420.89;389.16;381.93;346.24
17234;Biure;Biure;Girona;23;6;6;;3;;635;580.83;;
43029;Blancafort;Blancafort;Tarragona;2;2;3;2;2;375;;;;
17023;Blanes;Blanes;Girona;7;949;882;904;887;512.64;494.5;451.97;430.78;424.56
17029;Boadella i les Escaules;Boadella i les Escaules;Girona;886;3;8;1;1;525.64;;48;429.5;483.5
17024;Bolvir;Bolvir;Girona;6;3;8;8;5;;;1002.27;1133.75;
43030;Bonastre;Bonastre;Tarragona;4;16;12;1;11;444.17;383.75;413.33;366.14;458.64
25057;Bòrdes, Es;Bòrdes, Es;Lleida;8;;2;2;2;;;;;
17025;Bordils;Bordils;Girona;1;29;26;26;23;591.28;513.95;499.62;456.54;510.87
25058;Borges Blanques, les;Borges Blanques, les;Lleida;25;123;99;91;88;308.48;315.38;317.62;286.41;286.49
43031;Borges del Camp, les;Borges del Camp, les;Tarragona;111;26;25;24;33;399.62;358.27;347.74;347.5;325.82
17026;Borrassà;Borrassà;Girona;25;8;7;11;7;;634.38;539.57;406.82;416.43
8024;Borredà;Borredà;Barcelona;5;3;6;4;6;249.17;;251.01;;273.33
25059;Bossòst;Bossòst;Lleida;12;17;9;15;7;490;443.82;352.65;392.93;335.71
43032;Bot;Bot;Tarragona;2;2;2;;;;;;;
43033;Botarell;Botarell;Tarragona;;8;1;14;8;439.67;442.5;423.5;353.21;344.38
25056;Bovera;Bovera;Lleida;12;1;;;;;;;;
43034;Bràfim;Bràfim;Tarragona;;8;4;3;2;;401.25;;;
17027;Breda;Breda;Girona;3;82;89;61;49;497.7;460.23;398.94;415.82;402.35
8025;Bruc, el;Bruc, el;Barcelona;100;27;37;3;28;587.76;673.52;599.32;649.67;588.04
8026;Brull, el;Brull, el;Barcelona;29;;1;;1;;;;;
17028;Brunyola;Brunyola;Girona;1;9;2;7;8;;633.33;;388.57;431.25
43035;Cabacés;Cabacés;Tarragona;4;7;6;5;2;551.43;575.71;637.5;;
25060;Cabanabona;Cabanabona;Lleida;7;;;;1;;;;;
17031;Cabanelles;Cabanelles;Girona;;2;2;2;4;;;;;
17030;Cabanes;Cabanes;Girona;2;14;22;12;6;461.33;44;505.91;497.92;43
8027;Cabanyes, les;Cabanyes, les;Barcelona;15;3;1;3;2;865;;600;;
25061;Cabó;Cabó;Lleida;6;;;;;;;;;
43036;Cabra del Camp;Cabra del Camp;Tarragona;;1;1;13;9;523.01;442.5;53;366.15;280.56
8028;Cabrera d'Anoia;Cabrera d'Anoia;Barcelona;13;13;11;17;12;522.67;729.62;597.27;534.19;527.92
8029;Cabrera de Mar;Cabrera de Mar;Barcelona;21;81;65;56;55;1138.33;912.04;876.31;800.07;748.64
8030;Cabrils;Cabrils;Barcelona;78;112;107;102;9;1194.52;1178.01;1147.05;900.63;1014.18
17032;Cadaqués;Cadaqués;Girona;105;39;35;49;32;704.11;645.94;595.58;775.26;553.7
8031;Calaf;Calaf;Barcelona;63;69;66;52;39;312.81;310.5;314.94;269.14;288.67
43037;Calafell;Calafell;Tarragona;56;671;56;563;538;585.08;541.31;492.32;465.35;449.17
8034;Calders;Calders;Barcelona;713;11;16;13;1;434.83;429.09;439.69;588.46;371
17033;Caldes de Malavella;Caldes de Malavella;Girona;18;111;124;107;104;645.2;597.98;588.1;534.61;491.52
8033;Caldes de Montbui;Caldes de Montbui;Barcelona;102;382;345;314;351;643.79;622.26;585.12;565.58;511.23
8032;Caldes d'Estrac;Caldes d'Estrac;Barcelona;36;79;63;66;73;764.52;787.74;734.29;637.15;680.34
8035;Calella;Calella;Barcelona;84;541;568;571;609;552.88;515.33;490.31;459.21;454
8037;Calldetenes;Calldetenes;Barcelona;541;4;54;34;33;546.68;507.48;472.02;430.44;408.88
8038;Callús;Callús;Barcelona;37;57;31;58;48;352.07;345.69;361.92;354.65;389.54
8036;Calonge de Segarra;Calonge de Segarra;Barcelona;51;2;;2;;;;;;
17034;Calonge i Sant Antoni;Calonge i Sant Antoni;Girona;188;21;147;183;177;581.17;540.74;517.19;519.6;471.95
25062;Camarasa;Camarasa;Lleida;12;3;3;9;5;320;;;418.78;
43903;Camarles;Camarles;Tarragona;23;17;13;15;4;330.2;257.06;368.08;269.33;
43038;Cambrils;Cambrils;Tarragona;62;635;584;58;59;545.49;527.71;500.05;491.84;470.07
17035;Camós;Camós;Girona;5;3;2;2;2;;;;;
17036;Campdevànol;Campdevànol;Girona;26;23;19;27;35;374.32;421.49;360.26;311.85;334.24
17037;Campelles;Campelles;Girona;1;;;2;;;;;;
8039;Campins;Campins;Barcelona;8;9;7;13;11;631.25;658.33;715.01;506.54;600.45
17038;Campllong;Campllong;Girona;3;1;1;3;3;;;;;
17039;Camprodon;Camprodon;Girona;28;23;28;22;12;443.75;468.83;402.75;386.59;422.08
25063;Canejan;Canejan;Lleida;1;;;;;;;;;
17040;Canet d'Adri;Canet d'Adri;Girona;6;8;2;3;5;1040;834.38;;;
8040;Canet de Mar;Canet de Mar;Barcelona;318;287;286;249;249;640.13;609.72;549.95;529.8;495.61
43907;Canonja, la;Canonja, la;Tarragona;107;103;125;93;92;448.62;413.76;382.41;350.86;356.94
8041;Canovelles;Canovelles;Barcelona;198;251;207;188;197;574.79;550.52;475.73;474.13;411.86
8042;Cànoves i Samalús;Cànoves i Samalús;Barcelona;29;2;24;24;17;867.24;867.65;735.08;660.42;697.29
17041;Cantallops;Cantallops;Girona;6;3;3;4;5;467.5;;;;
8043;Canyelles;Canyelles;Barcelona;34;38;4;36;4;903.18;774.69;882.5;853;744.38
43039;Capafonts;Capafonts;Tarragona;;2;;;;;;;;
43040;Capçanes;Capçanes;Tarragona;2;3;2;1;1;;;;;
8044;Capellades;Capellades;Barcelona;86;88;88;7;85;455.04;437.39;408.81;357.25;332.09
17042;Capmany;Capmany;Girona;7;13;9;9;15;485.71;430.77;414.44;544.44;417.67
8045;Capolat;Capolat;Barcelona;;;;;;;;;;
8046;Cardedeu;Cardedeu;Barcelona;443;402;369;335;362;681.31;643.63;615.64;565.75;529.9
8047;Cardona;Cardona;Barcelona;8;73;5;57;5;298.01;298.43;307.13;287.91;270.01
8048;Carme;Carme;Barcelona;14;7;8;3;6;302.14;35;405.63;;405.83
43041;Caseres;Caseres;Tarragona;4;1;1;;;;;;;
17044;Cassà de la Selva;Cassà de la Selva;Girona;172;142;135;141;149;549.99;510.61;472.44;460.79;442.38
8049;Casserres;Casserres;Barcelona;16;26;2;17;17;374.69;360.77;339.25;295.88;34
8057;Castell de l'Areny;Castell de l'Areny;Barcelona;;;;;;;;;;
25904;Castell de Mur;Castell de Mur;Lleida;1;;;;1;;;;;
25064;Castellar de la Ribera;Castellar de la Ribera;Lleida;1;;2;;1;;;;;
8052;Castellar de n'Hug;Castellar de n'Hug;Barcelona;3;;1;2;1;;;;;
8050;Castellar del Riu;Castellar del Riu;Barcelona;5;4;;1;1;;;;;
8051;Castellar del Vallès;Castellar del Vallès;Barcelona;312;316;324;359;34;696.56;661.81;628.74;590.82;537.94
8053;Castellbell i el Vilar;Castellbell i el Vilar;Barcelona;49;53;54;54;51;470.16;450.34;447.01;408.52;457.43
8054;Castellbisbal;Castellbisbal;Barcelona;175;139;16;136;159;749.63;666.51;640.51;614.64;602.31
8055;Castellcir;Castellcir;Barcelona;12;8;1;8;9;631.25;503.75;48;603.13;688.89
25067;Castelldans;Castelldans;Lleida;5;5;2;4;5;;;;;
8056;Castelldefels;Castelldefels;Barcelona;1396;1445;1222;1118;1111;1001.65;919.9;913.77;843.97;805.65
8058;Castellet i la Gornal;Castellet i la Gornal;Barcelona;24;2;15;16;16;610.42;622.86;637.67;501.81;420.19
17046;Castellfollit de la Roca;Castellfollit de la Roca;Girona;9;8;9;1;12;392.87;428.13;318.98;231.47;286.04
8060;Castellfollit de Riubregós;Castellfollit de Riubregós;Barcelona;1;1;3;;1;;;;;
8059;Castellfollit del Boix;Castellfollit del Boix;Barcelona;3;;2;;2;;;;;
8061;Castellgalí;Castellgalí;Barcelona;33;29;25;3;33;574;566.71;494.8;483.57;421.36
8062;Castellnou de Bages;Castellnou de Bages;Barcelona;3;4;3;8;4;;;;588.76;
25068;Castellnou de Seana;Castellnou de Seana;Lleida;2;5;4;4;5;;;;;
25069;Castelló de Farfanya;Castelló de Farfanya;Lleida;3;7;3;2;2;;229.51;;;
17047;Castelló d'Empúries;Castelló d'Empúries;Girona;214;214;179;19;173;503.51;513.57;501.16;438.29;480.46
8063;Castellolí;Castellolí;Barcelona;4;7;3;1;3;;721.86;;;
17048;Castell0Platja d'Aro;Castell-Platja d'Aro;Girona;171;16;14;126;112;654.74;594.36;561.94;519.87;520.02
25070;Castellserà;Castellserà;Lleida;8;8;4;7;3;303.13;321.88;;303.57;
8064;Castellterçol;Castellterçol;Barcelona;77;72;67;47;56;506.6;457.43;425.4;422.77;415.58
43042;Castellvell del Camp;Castellvell del Camp;Tarragona;15;13;12;8;17;802;753.58;68;493.75;719.12
8065;Castellví de la Marca;Castellví de la Marca;Barcelona;17;12;8;7;7;527.65;460.83;535.63;489.29;401.43
8066;Castellví de Rosanes;Castellví de Rosanes;Barcelona;22;16;2;25;23;697.5;791.25;624.25;605.2;623.91
43043;Catllar, el;Catllar, el;Tarragona;37;48;27;24;29;636.76;586.19;575.56;51;739.66
25071;Cava;Cava;Lleida;;;;;1;;;;;
17189;Cellera de Ter, la;Cellera de Ter, la;Girona;27;22;2;2;1;485.17;451.82;425.75;395.75;350.5
17049;Celrà;Celrà;Girona;79;94;114;89;82;577.22;558.46;523.13;497.47;485.96
8067;Centelles;Centelles;Barcelona;194;179;15;165;177;520.87;498.98;479.07;433.84;404.23
8268;Cercs;Cercs;Barcelona;18;12;17;1;16;316.61;311.67;284.89;243;289.69
8266;Cerdanyola del Vallès;Cerdanyola del Vallès;Barcelona;973;1006;911;806;909;773.11;723.35;698.95;643.88;618.06
8068;Cervelló;Cervelló;Barcelona;119;115;115;122;98;831.56;786.24;764.18;679.1;685.71
25072;Cervera;Cervera;Lleida;163;192;179;139;146;316.39;295.4;276.9;287.31;272.31
25073;Cervià de les Garrigues;Cervià de les Garrigues;Lleida;3;2;4;5;2;;;;;
17050;Cervià de Ter;Cervià de Ter;Girona;8;11;12;13;7;487.5;481.36;535.42;517.95;561.43
17051;Cistella;Cistella;Girona;1;1;5;1;5;;;;;
25074;Ciutadilla;Ciutadilla;Lleida;;4;1;;1;;;;;
25075;Clariana de Cardener;Clariana de Cardener;Lleida;3;;1;1;;;;;;
25076;Cogul, el;Cogul, el;Lleida;1;;;;3;;;;;
17054;Colera;Colera;Girona;9;9;12;3;4;381.67;404.18;503.75;;
25077;Coll de Nargó;Coll de Nargó;Lleida;6;8;2;6;;376.46;241.25;;283.29;
8069;Collbató;Collbató;Barcelona;45;27;32;35;34;827.98;800;852.68;721.86;739.03
43045;Colldejou;Colldejou;Tarragona;2;;1;3;2;;;;;
8070;Collsuspina;Collsuspina;Barcelona;;3;3;3;1;;;;;
17055;Colomers;Colomers;Girona;1;4;1;3;;;;;;
25163;Coma i la Pedra, la;Coma i la Pedra, la;Lleida;5;4;5;15;;;;;200.6;
25161;Conca de Dalt;Conca de Dalt;Lleida;1;2;;;;;;;;
43046;Conesa;Conesa;Tarragona;2;;;1;;;;;;
43047;Constantí;Constantí;Tarragona;76;13;91;119;79;402.25;357.48;326.3;318;307.8
8071;Copons;Copons;Barcelona;3;1;2;1;2;;;;;
8072;Corbera de Llobregat;Corbera de Llobregat;Barcelona;307;317;264;238;266;701.66;676.32;655.05;642.47;567.34
43048;Corbera d'Ebre;Corbera d'Ebre;Tarragona;4;9;2;2;1;;231.11;;;
25078;Corbins;Corbins;Lleida;7;2;5;4;4;346.43;;;;
17057;Corçà;Corçà;Girona;9;13;11;17;14;614.81;540.38;570.91;499.12;451.79
8073;Cornellà de Llobregat;Cornellà de Llobregat;Barcelona;1682;1682;1574;1299;1279;696.35;664.95;602.45;566.36;537.03
17056;Cornellà del Terri;Cornellà del Terri;Girona;28;38;56;28;17;510.89;54;544.73;507.73;61
43049;Cornudella de Montsant;Cornudella de Montsant;Tarragona;18;11;12;9;6;387.5;413.18;422.5;315.89;346.67
43050;Creixell;Creixell;Tarragona;100;102;105;91;81;527.14;554.99;484.14;465.75;415.77
17058;Crespià;Crespià;Girona;6;2;;3;2;491.67;;;;
17901;Cruïlles, Monells i Sant Sadurní de l'Heura;Cruïlles, Monells i Sant Sadurní de l'Heura;Girona;11;13;14;1;12;634.09;692.31;629.17;624;493.9
8074;Cubelles;Cubelles;Barcelona;401;378;321;316;292;683.91;657.18;615.66;580.73;545.15
25079;Cubells;Cubells;Lleida;6;1;5;1;4;477.5;437;;;
43051;Cunit;Cunit;Tarragona;29;292;259;241;234;598.23;552.22;533.67;479.58;470.9
17060;Darnius;Darnius;Girona;4;15;11;15;8;;408.33;505.91;374.33;425.62
17061;Das;Das;Girona;4;2;4;4;5;;;;;
43901;Deltebre;Deltebre;Tarragona;95;91;88;76;59;325.4;292.28;285.28;270.14;263.03
8075;Dosrius;Dosrius;Barcelona;85;89;96;74;85;819.54;783.65;763.55;711.08;659.88
43053;Duesaigües;Duesaigües;Tarragona;4;5;7;5;5;;;348.57;;
17062;Escala, l';Escala, l';Girona;153;183;161;153;163;529.7;523.36;480.18;473.1;457.54
8076;Esparreguera;Esparreguera;Barcelona;319;38;309;312;317;599.91;581.26;545.26;506.48;475.57
17063;Espinelves;Espinelves;Girona;7;8;6;5;8;377.14;45;403.33;;397.5
25081;Espluga Calba, l';Espluga Calba, l';Lleida;2;1;3;1;1;;;;;
43054;Espluga de Francolí, l';Espluga de Francolí, l';Tarragona;42;36;31;22;25;385;415.56;338.06;356.82;340.4
8077;Esplugues de Llobregat;Esplugues de Llobregat;Barcelona;832;853;718;614;599;848.2;814.91;772.99;740.45;687.72
17064;Espolla;Espolla;Girona;3;5;3;6;3;;;;516.67;
17065;Esponellà;Esponellà;Girona;1;2;4;3;3;;;;;
25082;Espot;Espot;Lleida;1;;1;1;2;;;;;
8078;Espunyola, l';Espunyola, l';Barcelona;2;1;2;1;3;;;;;
8254;Esquirol, l';Esquirol, l';Barcelona;42;33;34;3;23;412.98;391.85;389.12;371.98;376
25088;Estamariu;Estamariu;Lleida;2;1;1;;;;;;;
8079;Estany, l';Estany, l';Barcelona;7;9;7;6;4;660.71;434.44;462.86;485.83;
25085;Estaràs;Estaràs;Lleida;;;1;1;;;;;;
25086;Esterri d'Àneu;Esterri d'Àneu;Lleida;15;11;12;6;6;357.33;285.91;327.93;391.67;29
25087;Esterri de Cardós;Esterri de Cardós;Lleida;;;;;;;;;;
43055;Falset;Falset;Tarragona;44;56;65;47;45;418.22;370.5;355.34;366.71;352.56
17005;Far d'Empordà, el;Far d'Empordà, el;Girona;1;4;2;3;3;;;;;
25089;Farrera;Farrera;Lleida;;;;;2;;;;;
43056;Fatarella, la;Fatarella, la;Tarragona;;1;;1;;;;;;
43057;Febró, la;Febró, la;Tarragona;;;;;;;;;;
8134;Figaró0Montmany;Figaró-Montmany;Barcelona;27;2;24;27;3;591.23;508.98;551.04;518.52;405.04
8080;Fígols;Fígols;Barcelona;1;1;2;;;;;;;
25908;Fígols i Alinyà;Fígols i Alinyà;Lleida;3;1;1;;;;;;;
43058;Figuera, la;Figuera, la;Tarragona;2;2;1;4;;;;;;
17066;Figueres;Figueres;Girona;1378;1554;1489;1448;1563;482.15;456.17;437.63;422.2;412.14
43059;Figuerola del Camp;Figuerola del Camp;Tarragona;4;4;3;3;;;;;;
17067;Flaçà;Flaçà;Girona;2;29;13;23;13;488.25;489.25;48;433.7;473.85
43060;Flix;Flix;Tarragona;19;14;13;13;13;311.58;291.41;333.46;287.53;320.38
25092;Floresta, la;Floresta, la;Lleida;2;7;2;2;8;;956.43;;;621.88
8082;Fogars de la Selva;Fogars de la Selva;Barcelona;11;16;8;13;19;831.43;691.56;618.75;638.46;609.21
8081;Fogars de Montclús;Fogars de Montclús;Barcelona;4;11;2;4;4;;698.18;;;
17068;Foixà;Foixà;Girona;1;2;5;2;2;;;;;
8083;Folgueroles;Folgueroles;Barcelona;24;21;27;31;28;484.26;474.81;456.48;424.35;419.11
25093;Fondarella;Fondarella;Lleida;3;1;;;;;;;;
8084;Fonollosa;Fonollosa;Barcelona;9;4;9;9;4;593.89;;672.22;543.89;
17069;Fontanals de Cerdanya;Fontanals de Cerdanya;Girona;11;13;5;9;8;804.55;735.31;;672.22;581.25
17070;Fontanilles;Fontanilles;Girona;2;;;;;;;;;
17071;Fontcoberta;Fontcoberta;Girona;4;3;7;4;4;;;634.29;;
8085;Font0rubí;Font-rubí;Barcelona;14;6;18;13;11;753.21;638.33;522.22;41;453.18
25094;Foradada;Foradada;Lleida;;;1;;;;;;;
17902;Forallac;Forallac;Girona;17;2;21;18;4;556.93;516.5;466.19;799.26;431.07
43061;Forès;Forès;Tarragona;;;1;;;;;;;
17073;Fornells de la Selva;Fornells de la Selva;Girona;22;33;36;34;27;735.68;844.84;644.03;628.01;602.78
17074;Fortià;Fortià;Girona;12;5;8;9;4;487.19;;527.5;453.89;
8086;Franqueses del Vallès, les;Franqueses del Vallès, les;Barcelona;462;432;382;414;454;654.95;610.89;563.43;512.07;484.41
43062;Freginals;Freginals;Tarragona;;1;1;1;1;;;;;
25096;Fuliola, la;Fuliola, la;Lleida;8;11;5;12;5;307.5;324.55;;305.19;
25097;Fulleda;Fulleda;Lleida;;;1;;;;;;;
8090;Gaià;Gaià;Barcelona;3;3;1;;;;;;;
43063;Galera, la;Galera, la;Tarragona;3;2;4;5;;;;;;
8087;Gallifa;Gallifa;Barcelona;3;2;1;1;2;;;;;
43064;Gandesa;Gandesa;Tarragona;21;17;11;7;26;300.24;268.05;297.73;255;219.99
43065;Garcia;Garcia;Tarragona;1;;1;1;1;;;;;
43066;Garidells, els;Garidells, els;Tarragona;2;2;;;1;;;;;
8088;Garriga, la;Garriga, la;Barcelona;405;452;369;348;347;716.22;681.23;651.76;592.56;544.85
17075;Garrigàs;Garrigàs;Girona;3;9;11;3;8;;625.26;664.09;;888.75
17076;Garrigoles;Garrigoles;Girona;4;5;6;3;3;;;687.5;;
17077;Garriguella;Garriguella;Girona;11;21;12;14;9;480.45;43;558.33;586.93;622.56
8089;Gavà;Gavà;Barcelona;721;737;62;494;601;888.67;843.41;820.29;749.79;716.15
25098;Gavet de la Conca;Gavet de la Conca;Lleida;;;1;;;;;;;
8091;Gelida;Gelida;Barcelona;17;182;159;165;178;588.93;514.92;503.69;459.11;434.06
17078;Ger;Ger;Girona;7;8;7;4;4;826.43;696.25;74;;
25912;Gimenells i el Pla de la Font;Gimenells i el Pla de la Font;Lleida;;3;3;1;;;;;;
43067;Ginestar;Ginestar;Tarragona;6;4;4;3;4;269.17;;;;
17079;Girona;Girona;Girona;3572;3677;3267;3131;3316;634.23;597.75;561.03;515.46;485.63
8092;Gironella;Gironella;Barcelona;119;89;82;65;49;339.68;303.15;286.69;280.54;259.54
8093;Gisclareny;Gisclareny;Barcelona;;;;;;;;;;
43068;Godall;Godall;Tarragona;1;;;1;;;;;;
25099;Golmés;Golmés;Lleida;1;5;8;7;2;347;;400;41;
17080;Gombrèn;Gombrèn;Girona;;3;3;3;2;;;;;
25100;Gósol;Gósol;Lleida;2;7;1;3;9;;422.86;;;368.33
8094;Granada, la;Granada, la;Barcelona;19;27;23;25;29;453.24;480.03;553.27;389.23;433.38
25101;Granadella, la;Granadella, la;Lleida;3;1;2;3;;;;;;
8095;Granera;Granera;Barcelona;2;1;;2;1;;;;;
25102;Granja d'Escarp, la;Granja d'Escarp, la;Lleida;5;5;2;1;3;;;;;
8096;Granollers;Granollers;Barcelona;1382;1372;1334;1215;1212;663.56;632.59;582.41;531.15;491.53
25103;Granyanella;Granyanella;Lleida;;;1;;2;;;;;
25105;Granyena de les Garrigues;Granyena de les Garrigues;Lleida;1;;;;1;;;;;
25104;Granyena de Segarra;Granyena de Segarra;Lleida;;;;;;;;;;
43069;Gratallops;Gratallops;Tarragona;1;2;;2;1;;;;;
8097;Gualba;Gualba;Barcelona;15;29;24;2;32;692.67;602.41;619.58;504.49;519.22
17081;Gualta;Gualta;Girona;2;4;2;4;4;;;;;
8099;Guardiola de Berguedà;Guardiola de Berguedà;Barcelona;14;2;18;12;15;330;309.09;321.67;293.75;288.33
43070;Guiamets, els;Guiamets, els;Tarragona;3;4;6;;1;;;365;;
17082;Guils de Cerdanya;Guils de Cerdanya;Girona;7;6;9;7;8;878.57;911.67;666.67;1245.71;381.25
25109;Guimerà;Guimerà;Lleida;2;1;2;1;2;;;;;
25903;Guingueta d'Àneu, la;Guingueta d'Àneu, la;Lleida;;3;1;2;2;;;;;
2511;Guissona;Guissona;Lleida;128;9;13;141;116;373.04;383.27;356.92;350.29;348.98
25111;Guixers;Guixers;Lleida;;;;;1;;;;;
8100;Gurb;Gurb;Barcelona;1;9;12;1;13;597;533.89;614.17;574;56
43071;Horta de Sant Joan;Horta de Sant Joan;Tarragona;14;1;5;3;2;384.64;410.5;;;
8101;Hospitalet de Llobregat, l';Hospitalet de Llobregat, l';Barcelona;6135;6355;5762;5242;5077;697.24;653.27;608.25;554.74;521.68
8162;Hostalets de Pierola, els;Hostalets de Pierola, els;Barcelona;31;4;6;44;46;544.03;602.13;504.83;461.68;483.7
17083;Hostalric;Hostalric;Girona;94;115;87;9;91;482.95;451.39;435.13;425.57;388.3
8102;Igualada;Igualada;Barcelona;812;786;797;864;801;481.8;447.84;416.74;368.47;343.75
25115;Isona i Conca Dellà;Isona i Conca Dellà;Lleida;7;8;2;1;5;271.43;387.5;;;
17084;Isòvol;Isòvol;Girona;3;4;4;5;3;;;;;
25112;Ivars de Noguera;Ivars de Noguera;Lleida;2;;;1;;;;;;
25113;Ivars d'Urgell;Ivars d'Urgell;Lleida;14;8;12;7;12;337.14;297.5;287.5;284.29;306.25
25114;Ivorra;Ivorra;Lleida;;;;;;;;;;
17085;Jafre;Jafre;Girona;1;;2;1;2;;;;;
17086;Jonquera, la;Jonquera, la;Girona;127;116;154;118;126;434.33;441.38;434.2;424.83;405.17
8103;Jorba;Jorba;Barcelona;15;14;13;13;11;493;511.07;442.31;428.85;353.64
2591;Josa i Tuixén;Josa i Tuixén;Lleida;;2;1;1;1;;;;;
17087;Juià;Juià;Girona;1;8;4;2;4;;578.13;;;
25118;Juncosa;Juncosa;Lleida;3;3;2;2;2;;;;;
25119;Juneda;Juneda;Lleida;21;16;2;24;17;325.51;311.6;304.5;295.21;298.65
25121;Les;Les;Lleida;5;6;6;4;;;454.92;428.33;;
25122;Linyola;Linyola;Lleida;39;4;18;21;23;316.06;279.94;285.56;279.86;250.87
8104;Llacuna, la;Llacuna, la;Barcelona;26;11;9;6;5;457.31;353.64;416.67;521.67;
17088;Lladó;Lladó;Girona;13;8;12;13;11;580.77;648.75;571.25;475.27;560.58
25123;Lladorre;Lladorre;Lleida;3;1;;;;;;;;
25124;Lladurs;Lladurs;Lleida;2;1;1;1;3;;;;;
8105;Llagosta, la;Llagosta, la;Barcelona;161;174;164;163;141;611.32;563.27;517.6;492.96;470.14
17089;Llagostera;Llagostera;Girona;158;153;155;159;172;504.53;492.36;413.95;414.8;377.86
17090;Llambilles;Llambilles;Girona;1;2;5;;3;;;;;
17091;Llanars;Llanars;Girona;8;7;6;8;3;520;407.14;473.33;387.5;
17092;Llançà;Llançà;Girona;134;9;108;103;73;492.4;474.39;458.83;454.67;427.38
25125;Llardecans;Llardecans;Lleida;;;2;;;;;;;
25126;Llavorsí;Llavorsí;Lleida;3;7;3;4;6;;322.14;;;268.33
2512;Lleida;Lleida;Lleida;2592;2581;2716;2586;2543;458.97;432.32;407.18;393.63;385.73
17093;Llers;Llers;Girona;1;14;16;13;18;505;584.64;491.9;506.81;505.19
25127;Lles de Cerdanya;Lles de Cerdanya;Lleida;7;2;1;;;287.14;;;;
8107;Lliçà d'Amunt;Lliçà d'Amunt;Barcelona;87;94;86;96;93;814.2;790.4;774.16;685.21;669.27
8108;Lliçà de Vall;Lliçà de Vall;Barcelona;163;38;36;42;34;705.94;795.76;791.16;703.02;628.13
25128;Llimiana;Llimiana;Lleida;;;1;;;;;;;
8106;Llinars del Vallès;Llinars del Vallès;Barcelona;161;192;149;168;187;639.8;605.07;582.81;539.69;479.47
17094;Llívia;Llívia;Girona;38;4;39;23;27;500.92;551.88;693.85;421.3;498.15
43072;Lloar, el;Lloar, el;Tarragona;;;1;;;;;;;
25129;Llobera;Llobera;Lleida;;1;1;1;1;;;;;
43073;Llorac;Llorac;Tarragona;1;1;;;;;;;;
43074;Llorenç del Penedès;Llorenç del Penedès;Tarragona;3;37;2;16;2;455.31;502.84;416.31;513.13;449
17095;Lloret de Mar;Lloret de Mar;Girona;783;731;683;752;742;524.2;485.73;449.11;424.85;415.12
17096;Llosses, les;Llosses, les;Girona;4;2;2;1;3;;;;;
8109;Lluçà;Lluçà;Barcelona;1;3;3;1;4;;;;;
17102;Maçanet de Cabrenys;Maçanet de Cabrenys;Girona;7;7;6;7;8;447.14;460.71;383.33;455.71;477.29
17103;Maçanet de la Selva;Maçanet de la Selva;Girona;85;91;71;69;58;568.98;559.39;536.06;487.4;496.5
17097;Madremanya;Madremanya;Girona;2;4;3;4;1;;;;;
17098;Maià de Montcal;Maià de Montcal;Girona;4;2;4;9;3;;;;836.11;
25133;Maials;Maials;Lleida;3;2;;1;3;;;;;
2513;Maldà;Maldà;Lleida;1;1;;;;;;;;
811;Malgrat de Mar;Malgrat de Mar;Barcelona;308;364;336;32;316;559.42;550.86;495.21;471.15;470.03
8111;Malla;Malla;Barcelona;4;;2;1;3;;;;;
8112;Manlleu;Manlleu;Barcelona;356;358;359;323;342;446.13;412.74;380.19;360.54;359.65
8113;Manresa;Manresa;Barcelona;191;2025;2035;2027;1987;469.93;432.33;396.41;363.85;344.9
43076;Marçà;Marçà;Tarragona;1;12;5;7;8;317;292.92;;287.86;283.12
43075;Margalef;Margalef;Tarragona;;;;;;;;;;
8242;Marganell;Marganell;Barcelona;2;2;4;6;1;;;;471.67;
8114;Martorell;Martorell;Barcelona;414;421;398;351;361;592.21;574.79;554.94;501.19;472.34
8115;Martorelles;Martorelles;Barcelona;84;91;76;75;56;569.92;545.4;525.1;499.46;453.31
43077;Mas de Barberans;Mas de Barberans;Tarragona;;1;;;;;;;;
17100;Masarac;Masarac;Girona;7;7;5;1;4;517.14;546.43;;;
43078;Masdenverge;Masdenverge;Tarragona;8;5;5;8;3;262.5;;;262.5;
8116;Masies de Roda, les;Masies de Roda, les;Barcelona;4;3;1;5;5;;;;;
8117;Masies de Voltregà, les;Masies de Voltregà, les;Barcelona;26;24;21;24;24;457;462.71;384.52;355.97;380.54
43079;Masllorenç;Masllorenç;Tarragona;9;5;7;7;8;326.11;;35;318.57;388.13
8118;Masnou, el;Masnou, el;Barcelona;639;592;509;491;504;886.15;823.89;791.31;725.34;673.84
43080;Masó, la;Masó, la;Tarragona;2;1;4;2;2;;;;;
43081;Maspujols;Maspujols;Tarragona;6;9;4;4;2;473.33;527.78;;;
8119;Masquefa;Masquefa;Barcelona;122;144;126;112;133;607.55;566.35;569.78;506.5;473.68
43082;Masroig, el;Masroig, el;Tarragona;4;2;1;;3;;;;;
25131;Massalcoreig;Massalcoreig;Lleida;;2;;1;;;;;;
17101;Massanes;Massanes;Girona;7;13;5;3;8;383.76;527.31;;;392.5
25132;Massoteres;Massoteres;Lleida;2;;;2;1;;;;;
812;Matadepera;Matadepera;Barcelona;125;14;107;116;102;1074.75;932.82;954.32;877.56;896.01
8121;Mataró;Mataró;Barcelona;3053;3026;2964;2851;3023;652.68;628.68;576.51;539.72;503.31
8122;Mediona;Mediona;Barcelona;29;47;33;42;22;476.7;494.85;467.58;450.67;429.09
25134;Menàrguens;Menàrguens;Lleida;13;4;8;2;6;319.23;;379.38;;293.33
17099;Meranges;Meranges;Girona;2;1;;;;;;;;
17105;Mieres;Mieres;Girona;6;11;4;3;4;530;351.36;;;
43083;Milà, el;Milà, el;Tarragona;1;;;;1;;;;;
25135;Miralcamp;Miralcamp;Lleida;7;5;2;5;6;410.71;;;;308.33
43084;Miravet;Miravet;Tarragona;2;2;3;6;1;;;;216.67;
8138;Moià;Moià;Barcelona;175;161;152;169;138;488.7;457.78;454.01;412.15;391.05
43085;Molar, el;Molar, el;Tarragona;3;6;1;1;;;271.67;;;
8123;Molins de Rei;Molins de Rei;Barcelona;456;471;424;37;347;768.03;720.43;679.51;629.78;593.86
25137;Mollerussa;Mollerussa;Lleida;365;383;392;405;307;372.37;357.07;355.48;331.12;328.16
17106;Mollet de Peralada;Mollet de Peralada;Girona;1;1;2;5;6;;;;;448.33
8124;Mollet del Vallès;Mollet del Vallès;Barcelona;817;859;775;737;769;647.2;603.2;558.58;517.05;495.01
17107;Molló;Molló;Girona;3;3;3;;1;;;;;
25136;Molsosa, la;Molsosa, la;Lleida;1;;;;;;;;;
8128;Monistrol de Calders;Monistrol de Calders;Barcelona;6;11;5;6;4;404.17;367.15;;433.33;
8127;Monistrol de Montserrat;Monistrol de Montserrat;Barcelona;78;100;84;87;75;469.87;403.55;423.51;359.35;331.34
17109;Montagut i Oix;Montagut i Oix;Girona;13;15;15;14;1;519.62;514;513;471.79;52
43086;Montblanc;Montblanc;Tarragona;84;109;7;8;75;405.54;378.37;362.06;343.1;317.84
43088;Montbrió del Camp;Montbrió del Camp;Tarragona;63;71;62;44;47;459.01;394.77;379.93;348.35;354.36
8125;Montcada i Reixac;Montcada i Reixac;Barcelona;475;482;459;462;475;636.95;603.78;556.63;535.44;517.28
813;Montclar;Montclar;Barcelona;3;1;;;1;;;;;
25139;Montellà i Martinet;Montellà i Martinet;Lleida;11;17;5;11;1;441.82;412.45;;549.44;367.4
8131;Montesquiu;Montesquiu;Barcelona;36;23;25;22;15;340.63;363.04;378.8;295.32;316.67
2514;Montferrer i Castellbò;Montferrer i Castellbò;Lleida;12;1;11;11;9;570.83;45;463.18;534.55;495
43089;Montferri;Montferri;Tarragona;5;5;4;3;3;;;;;
25138;Montgai;Montgai;Lleida;2;2;3;4;1;;;;;
8126;Montgat;Montgat;Barcelona;166;233;221;159;196;885.67;833.36;835.04;740.58;679.18
8132;Montmajor;Montmajor;Barcelona;1;9;4;4;3;272;326.11;;;
8133;Montmaneu;Montmaneu;Barcelona;1;;1;2;1;;;;;
43090;Montmell, el;Montmell, el;Tarragona;1;11;5;1;5;529;507.45;;425;
8135;Montmeló;Montmeló;Barcelona;121;13;12;95;98;604.03;564.67;535.83;526.87;477.68
25142;Montoliu de Lleida;Montoliu de Lleida;Lleida;3;2;1;3;2;;;;;
25141;Montoliu de Segarra;Montoliu de Segarra;Lleida;2;3;;1;1;;;;;
25143;Montornès de Segarra;Montornès de Segarra;Lleida;1;2;3;;2;;;;;
8136;Montornès del Vallès;Montornès del Vallès;Barcelona;251;276;219;24;192;603.16;583.84;550.69;497.27;529.96
43091;Mont0ral;Mont-ral;Tarragona;;2;;1;;;;;;
1711;Mont0ras;Mont-ras;Girona;5;7;8;6;7;;928.57;584.38;808.86;92
43092;Mont0roig del Camp;Mont-roig del Camp;Tarragona;191;169;159;163;15;482.88;456.41;480.04;446.33;427.07
8137;Montseny;Montseny;Barcelona;11;17;8;6;1;525;476.47;600;458.33;412.5
43093;Móra d'Ebre;Móra d'Ebre;Tarragona;72;111;64;7;74;338.1;322.16;301.94;309.3;307.65
43094;Móra la Nova;Móra la Nova;Tarragona;19;24;2;23;21;318.74;272.71;267.1;312.17;276.96
43095;Morell, el;Morell, el;Tarragona;69;92;87;89;82;456.16;409.01;394.22;397.58;382.87
43096;Morera de Montsant, la;Morera de Montsant, la;Tarragona;2;2;;2;;;;;;
8129;Muntanyola;Muntanyola;Barcelona;8;6;8;4;4;851.8;539.81;587.5;;
8139;Mura;Mura;Barcelona;4;2;;;5;;;;;
25145;Nalec;Nalec;Lleida;1;;;;;;;;;
25025;Naut Aran;Naut Aran;Lleida;13;12;5;15;15;670.23;541.41;;687.3;835.02
814;Navarcles;Navarcles;Barcelona;86;100;102;11;93;444.25;419.46;380.69;348.83;358.9
8141;Navàs;Navàs;Barcelona;116;129;169;108;118;400.43;345.54;304.13;296.11;289.84
17111;Navata;Navata;Girona;31;34;32;36;25;655.65;669.43;596.72;584.03;624
25146;Navès;Navès;Lleida;1;3;2;1;;;;;;
8142;Nou de Berguedà, la;Nou de Berguedà, la;Barcelona;1;4;2;1;;;;;;
43097;Nou de Gaià, la;Nou de Gaià, la;Tarragona;5;7;8;7;4;;401.43;337.5;417.86;
43098;Nulles;Nulles;Tarragona;1;4;7;4;1;401.81;;470.71;;
25148;Odèn;Odèn;Lleida;2;1;6;1;2;;;321.67;;
8143;Òdena;Òdena;Barcelona;34;44;41;48;34;455.19;453.69;431.25;362.16;374.85
17112;Ogassa;Ogassa;Girona;3;3;2;2;2;;;;;
8145;Olèrdola;Olèrdola;Barcelona;47;3;33;24;21;632.77;656.03;648.94;592.08;587.38
8146;Olesa de Bonesvalls;Olesa de Bonesvalls;Barcelona;2;14;14;1;11;722.75;689.64;701.43;65;65
8147;Olesa de Montserrat;Olesa de Montserrat;Barcelona;35;365;353;333;338;603.87;569.6;525.08;499.18;460.04
25149;Oliana;Oliana;Lleida;19;18;4;9;17;300.79;25;;271.67;243.82
2515;Oliola;Oliola;Lleida;;;;;;;;;;
25151;Olius;Olius;Lleida;15;11;1;3;6;552.67;545;400;;398.33
8148;Olivella;Olivella;Barcelona;48;58;58;67;6;962.03;916.29;927.5;819.85;911.17
8149;Olost;Olost;Barcelona;12;13;7;7;9;522.92;421.15;494.29;331.43;38
17114;Olot;Olot;Girona;792;88;93;841;842;464.22;419.54;396.18;361.14;349.79
25152;Oluges, les;Oluges, les;Lleida;1;2;1;1;;;;;;
8144;Olvan;Olvan;Barcelona;6;16;9;3;9;332.97;326.88;376.11;;243.89
25153;Omellons, els;Omellons, els;Lleida;;1;;;1;;;;;
25154;Omells de na Gaia, els;Omells de na Gaia, els;Lleida;1;;1;;;;;;;
17115;Ordis;Ordis;Girona;1;5;2;3;3;;;;;
25155;Organyà;Organyà;Lleida;14;6;6;7;2;420.71;315;345.83;264.43;
815;Orís;Orís;Barcelona;;;3;2;;;;;;
8151;Oristà;Oristà;Barcelona;5;4;3;1;3;;;;;
8152;Orpí;Orpí;Barcelona;;1;;2;2;;;;;
8153;Òrrius;Òrrius;Barcelona;19;19;15;12;15;709.53;601.42;559;847.08;501.33
25156;Os de Balaguer;Os de Balaguer;Lleida;9;3;8;5;2;375.56;;365.8;;
17116;Osor;Osor;Girona;8;6;9;3;3;365.63;379.17;388.33;;
25157;Ossó de Sió;Ossó de Sió;Lleida;1;;;;;;;;;
8154;Pacs del Penedès;Pacs del Penedès;Barcelona;6;4;7;6;2;605;;851.29;559.17;
8155;Palafolls;Palafolls;Barcelona;103;131;124;107;109;551.2;494.89;474.03;462.14;451.42
17117;Palafrugell;Palafrugell;Girona;371;387;385;388;431;501.64;482.92;439.29;404.7;391.1
17118;Palamós;Palamós;Girona;326;318;336;296;267;595.65;545.19;506.58;484.41;467.15
25158;Palau d'Anglesola, el;Palau d'Anglesola, el;Lleida;16;29;14;15;15;394.97;372.73;396.43;400;352
17119;Palau de Santa Eulàlia;Palau de Santa Eulàlia;Girona;;2;1;1;;;;;;
17121;Palau0sator;Palau-sator;Girona;1;1;3;1;3;;;;;
1712;Palau0saverdera;Palau-saverdera;Girona;7;7;5;8;1;559.29;531.43;;490.63;486.02
8156;Palau0solità i Plegamans;Palau-solità i Plegamans;Barcelona;162;164;135;146;13;738.17;720.29;679.51;631.96;594.01
43100;Pallaresos, els;Pallaresos, els;Tarragona;13;16;22;13;26;537.54;693.44;597.73;590.38;520.38
8157;Pallejà;Pallejà;Barcelona;135;114;114;97;108;794.54;732.5;741.48;685.36;588.41
8905;Palma de Cervelló, la;Palma de Cervelló, la;Barcelona;7;8;63;68;68;670.93;663.1;638.97;581.71;560.07
43099;Palma d'Ebre, la;Palma d'Ebre, la;Tarragona;1;;;;;;;;;
17123;Palol de Revardit;Palol de Revardit;Girona;1;2;3;;1;;;;;
17124;Pals;Pals;Girona;2;15;18;11;1;656.66;962;623.61;558.18;495
8158;Papiol, el;Papiol, el;Barcelona;4;59;45;42;36;680.4;704.93;668.27;518.66;558.61
17125;Pardines;Pardines;Girona;2;3;;;;;;;;
8159;Parets del Vallès;Parets del Vallès;Barcelona;284;247;242;227;235;687.4;655.65;620.92;569.73;531.62
17126;Parlavà;Parlavà;Girona;2;7;3;2;3;;771.43;;;
43101;Passanant i Belltall;Passanant i Belltall;Tarragona;;;;;;;;;;
17128;Pau;Pau;Girona;2;4;4;3;3;;;;;
43102;Paüls;Paüls;Tarragona;1;1;;;1;;;;;
17129;Pedret i Marzà;Pedret i Marzà;Girona;;1;1;1;;;;;;
25164;Penelles;Penelles;Lleida;1;1;2;2;4;;;;;
1713;Pera, la;Pera, la;Girona;6;4;2;4;5;686.67;;;;
816;Perafita;Perafita;Barcelona;5;2;2;3;3;;;;;
43103;Perafort;Perafort;Tarragona;14;17;17;12;13;480.36;435.29;451.65;447.92;451.54
17132;Peralada;Peralada;Girona;48;52;55;51;51;633.13;609.37;614.36;639.36;621.37
25165;Peramola;Peramola;Lleida;2;2;2;5;4;;;;;
43104;Perelló, el;Perelló, el;Tarragona;14;22;14;8;8;269;291.36;323.93;277.5;268.13
8161;Piera;Piera;Barcelona;215;217;189;215;244;553.38;546.5;501.84;475.92;455.36
43105;Piles, les;Piles, les;Tarragona;3;3;;3;;;;;;
8163;Pineda de Mar;Pineda de Mar;Barcelona;603;663;598;648;66;553.25;522.39;476.43;466.41;459.04
43106;Pinell de Brai, el;Pinell de Brai, el;Tarragona;3;2;1;;2;;;;;
25166;Pinell de Solsonès;Pinell de Solsonès;Lleida;;2;2;;;;;;;
25167;Pinós;Pinós;Lleida;;;2;5;1;;;;;
43107;Pira;Pira;Tarragona;4;4;1;3;5;;;;;
43108;Pla de Santa Maria, el;Pla de Santa Maria, el;Tarragona;38;4;49;31;35;450.25;410.49;384.29;355.97;367.42
8164;Pla del Penedès, el;Pla del Penedès, el;Barcelona;22;15;29;33;18;469.43;426.67;438.1;392.93;402.78
17133;Planes d'Hostoles, les;Planes d'Hostoles, les;Girona;17;19;15;17;17;485.29;408.16;345.49;362.35;390.29
17134;Planoles;Planoles;Girona;7;3;5;2;2;441.69;;;;
25911;Plans de Sió, els;Plans de Sió, els;Lleida;2;2;4;3;1;;;;;
25168;Poal, el;Poal, el;Lleida;2;6;5;2;4;;366.67;;;
25169;Pobla de Cérvoles, la;Pobla de Cérvoles, la;Lleida;;1;1;;2;;;;;
8165;Pobla de Claramunt, la;Pobla de Claramunt, la;Barcelona;15;12;27;16;18;443;441.41;441.85;357.5;404.72
8166;Pobla de Lillet, la;Pobla de Lillet, la;Barcelona;1;15;12;15;8;282.5;282.78;295.42;296.88;303.13
43109;Pobla de Mafumet, la;Pobla de Mafumet, la;Tarragona;9;102;96;75;74;458.55;439.68;394.88;383.73;381.64
4311;Pobla de Massaluca, la;Pobla de Massaluca, la;Tarragona;1;;;1;2;;;;;
43111;Pobla de Montornès, la;Pobla de Montornès, la;Tarragona;65;54;59;51;4;566.42;494.4;470.03;471.45;407.5
25171;Pobla de Segur, la;Pobla de Segur, la;Lleida;58;67;28;33;38;306.24;301.65;289.7;260.58;246.3
43112;Poboleda;Poboleda;Tarragona;1;1;2;;1;;;;;
8167;Polinyà;Polinyà;Barcelona;107;125;116;59;77;647.66;631.43;526.04;563.8;521.76
43113;Pont d'Armentera, el;Pont d'Armentera, el;Tarragona;7;7;6;7;6;391.43;453.57;385;344.29;37
25030;Pont de Bar, el;Pont de Bar, el;Lleida;1;;;;2;;;;;
17135;Pont de Molins;Pont de Molins;Girona;8;1;7;15;12;416.25;465;405.71;411.67;389.17
25173;Pont de Suert, el;Pont de Suert, el;Lleida;37;33;4;33;19;356.88;344.62;351.5;360.45;345
8182;Pont de Vilomara i Rocafort, el;Pont de Vilomara i Rocafort, el;Barcelona;6;63;48;73;55;460.41;390.83;377.27;372.71;339.96
43141;Pontils;Pontils;Tarragona;;1;;1;;;;;;
8168;Pontons;Pontons;Barcelona;8;5;13;9;3;310.63;;344.23;302.22;
17136;Pontós;Pontós;Girona;3;4;7;3;3;;;607.14;;
25172;Ponts;Ponts;Lleida;15;23;29;28;3;291.33;295.65;276.55;255.71;312.62
17137;Porqueres;Porqueres;Girona;36;26;28;39;29;575.42;635.77;531.25;451.21;453.86
43114;Porrera;Porrera;Tarragona;3;2;1;2;1;;;;;
1714;Port de la Selva, el;Port de la Selva, el;Girona;22;31;21;18;27;489.7;553.65;484.83;479.61;425.33
17138;Portbou;Portbou;Girona;8;1;8;9;3;329.79;344;283.75;380.56;
25174;Portella, la;Portella, la;Lleida;4;6;9;11;6;;396.67;395.56;325.91;412.5
43115;Pradell de la Teixeta;Pradell de la Teixeta;Tarragona;1;1;;1;1;;;;;
43116;Prades;Prades;Tarragona;7;5;5;5;8;360.71;;;;298.12
43117;Prat de Comte;Prat de Comte;Tarragona;;1;;;;;;;;
8169;Prat de Llobregat, el;Prat de Llobregat, el;Barcelona;839;895;72;715;742;729.94;710.22;636.62;612.85;590.49
43118;Pratdip;Pratdip;Tarragona;3;4;4;3;3;;;;;
8171;Prats de Lluçanès;Prats de Lluçanès;Barcelona;28;3;22;19;21;419.2;355.32;360.68;314.74;353.81
817;Prats de Rei, els;Prats de Rei, els;Barcelona;7;7;9;3;2;415.71;324.06;299.63;;
25175;Prats i Sansor;Prats i Sansor;Lleida;8;1;8;5;2;702.13;657.5;777.13;;
25176;Preixana;Preixana;Lleida;2;1;1;2;1;;;;;
25177;Preixens;Preixens;Lleida;1;3;2;1;;;;;;
823;Premià de Dalt;Premià de Dalt;Barcelona;164;149;126;126;121;993.31;922.71;884.7;834.95;760.91
8172;Premià de Mar;Premià de Mar;Barcelona;647;772;576;584;578;759.42;723.39;696.31;628.14;600.94
17139;Preses, les;Preses, les;Girona;15;15;12;19;15;453.74;439.2;388.56;347.98;338.06
25179;Prullans;Prullans;Lleida;5;5;;3;3;;;;;
17141;Puigcerdà;Puigcerdà;Girona;276;300;272;298;276;498.5;490.99;456.92;432.98;408.96
8174;Puigdàlber;Puigdàlber;Barcelona;12;1;18;31;9;593.75;607;884.17;917.74;437.78
2518;Puiggròs;Puiggròs;Lleida;1;2;1;1;;;;;;
43119;Puigpelat;Puigpelat;Tarragona;15;14;17;17;16;474.33;402.86;390.59;388.82;424.06
8175;Puig0reig;Puig-reig;Barcelona;71;73;69;4;32;367.63;335.78;312.2;304.3;310.99
25181;Puigverd d'Agramunt;Puigverd d'Agramunt;Lleida;;3;1;;1;;;;;
25182;Puigverd de Lleida;Puigverd de Lleida;Lleida;3;4;3;3;6;;;;;418.33
8176;Pujalt;Pujalt;Barcelona;;;1;;;;;;;
8177;Quar, la;Quar, la;Barcelona;1;;1;3;1;;;;;
17142;Quart;Quart;Girona;24;39;46;33;23;637.92;676.28;582.17;542.7;590.43
17043;Queralbs;Queralbs;Girona;2;3;2;5;;;;;;
4312;Querol;Querol;Tarragona;4;6;2;5;2;;483.33;;;
17143;Rabós;Rabós;Girona;4;4;2;6;6;;;;541.67;658.33
8178;Rajadell;Rajadell;Barcelona;9;11;11;1;7;415.67;620.16;512.86;403.75;461.96
43121;Rasquera;Rasquera;Tarragona;4;2;1;5;1;;;;;
17144;Regencós;Regencós;Girona;2;2;2;;2;;;;;
8179;Rellinars;Rellinars;Barcelona;11;11;13;11;14;446.82;510.56;444.62;494.09;469.64
43122;Renau;Renau;Tarragona;4;1;2;;1;;;;;
43123;Reus;Reus;Tarragona;2404;2503;2382;2397;2563;471.26;442.22;410.9;395.05;380.52
25183;Rialp;Rialp;Lleida;18;17;13;12;16;315.28;328.53;324.23;280.83;295.31
43124;Riba, la;Riba, la;Tarragona;1;9;5;4;8;353.4;330.56;;;223.69
43125;Riba0roja d'Ebre;Riba-roja d'Ebre;Tarragona;6;6;7;3;2;316.67;324.17;341.43;;
25905;Ribera d'Ondara;Ribera d'Ondara;Lleida;2;4;3;4;3;;;;;
25185;Ribera d'Urgellet;Ribera d'Urgellet;Lleida;9;11;19;6;12;412.22;450.91;387.74;466.67;409.58
17145;Ribes de Freser;Ribes de Freser;Girona;33;31;26;16;18;403.44;412.55;444.81;327;358.89
17146;Riells i Viabrea;Riells i Viabrea;Girona;45;56;57;57;46;650;652.24;589.79;523.26;542.5
43126;Riera de Gaià, la;Riera de Gaià, la;Tarragona;19;21;29;17;18;501.91;505.8;471.95;441.66;418.37
25186;Riner;Riner;Lleida;2;4;;4;1;;;;;
17147;Ripoll;Ripoll;Girona;276;279;218;23;196;373.63;369.2;351.14;333.3;317.36
818;Ripollet;Ripollet;Barcelona;408;601;65;51;565;644.56;616.33;540.39;509.55;502.8
25913;Riu de Cerdanya;Riu de Cerdanya;Lleida;1;4;5;5;;;;;;
17148;Riudarenes;Riudarenes;Girona;34;3;3;28;19;587.79;568.67;51;493.68;532.37
17149;Riudaura;Riudaura;Girona;8;16;5;3;6;453.13;452.5;;;477
43127;Riudecanyes;Riudecanyes;Tarragona;8;8;8;11;11;521.25;53;379.38;424.36;471.67
43128;Riudecols;Riudecols;Tarragona;28;17;23;22;29;390.89;485.29;391.96;393.18;372.41
1715;Riudellots de la Selva;Riudellots de la Selva;Girona;26;24;19;27;24;572.69;569.75;592.11;520.42;440.05
43129;Riudoms;Riudoms;Tarragona;107;107;87;101;77;460.97;429.2;396.9;376.57;349.51
17151;Riumors;Riumors;Girona;8;1;6;7;1;548.13;;567.5;511.43;
8181;Roca del Vallès, la;Roca del Vallès, la;Barcelona;161;154;15;135;118;700.7;681.88;608.78;610.28;575.96
4313;Rocafort de Queralt;Rocafort de Queralt;Tarragona;5;3;1;4;1;;;;;
43131;Roda de Berà;Roda de Berà;Tarragona;155;147;147;118;165;534.21;510.78;490.49;460.45;438.57
8183;Roda de Ter;Roda de Ter;Barcelona;101;132;136;96;86;447.36;437.27;387.44;374.13;353.21
43132;Rodonyà;Rodonyà;Tarragona;5;5;8;9;13;;;332.5;325.56;294.05
43133;Roquetes;Roquetes;Tarragona;144;14;134;136;124;383.19;372.04;355.39;350.15;298.68
17152;Roses;Roses;Girona;439;437;442;429;395;490.24;481.24;470.23;440.35;454.62
25189;Rosselló;Rosselló;Lleida;23;37;3;36;14;364.72;393.43;411.8;345.97;387.64
43134;Rourell, el;Rourell, el;Tarragona;5;9;3;2;3;;347.22;;;
8184;Rubí;Rubí;Barcelona;1276;1376;1241;1161;1182;666.68;630.48;582.26;537.04;495.96
8185;Rubió;Rubió;Barcelona;5;3;4;3;1;;;;;
17153;Rupià;Rupià;Girona;5;4;3;3;1;;;;;
8901;Rupit i Pruit;Rupit i Pruit;Barcelona;3;3;3;2;2;;;;;
8187;Sabadell;Sabadell;Barcelona;3800;4169;3957;3705;3643;673.16;632.54;589.2;542.01;507.99
8188;Sagàs;Sagàs;Barcelona;;;1;1;;;;;;
2519;Salàs de Pallars;Salàs de Pallars;Lleida;2;7;2;3;1;;287.14;;;
819;Saldes;Saldes;Barcelona;5;5;2;2;1;;;;;
17154;Sales de Llierca;Sales de Llierca;Girona;;;1;;;;;;;
8191;Sallent;Sallent;Barcelona;74;7;62;61;5;386.28;420.7;337.47;331.75;341.6
43135;Salomó;Salomó;Tarragona;11;5;1;9;7;470.91;;446.5;334.44;330.71
43905;Salou;Salou;Tarragona;662;647;636;602;585;521.46;506.81;468.66;459.83;444.42
17155;Salt;Salt;Girona;600;633;634;624;693;495.17;455.98;392.63;390.37;376.35
25191;Sanaüja;Sanaüja;Lleida;3;5;7;;;;;334.43;;
8194;Sant Adrià de Besòs;Sant Adrià de Besòs;Barcelona;489;492;414;446;497;713.95;699.57;654.08;588.46;559.15
8195;Sant Agustí de Lluçanès;Sant Agustí de Lluçanès;Barcelona;1;1;3;1;1;;;;;
8196;Sant Andreu de la Barca;Sant Andreu de la Barca;Barcelona;399;422;329;388;348;639.08;636.23;606.73;544.2;522.17
8197;Sant Andreu de Llavaneres;Sant Andreu de Llavaneres;Barcelona;257;267;227;204;218;997.88;907.12;837.38;770.48;766.87
17157;Sant Andreu Salou;Sant Andreu Salou;Girona;2;1;1;;;;;;;
17183;Sant Aniol de Finestres;Sant Aniol de Finestres;Girona;3;4;3;3;1;;;;;
8198;Sant Antoni de Vilamajor;Sant Antoni de Vilamajor;Barcelona;13;136;108;132;11;649.64;659.49;607.05;556.05;550.18
8199;Sant Bartomeu del Grau;Sant Bartomeu del Grau;Barcelona;7;6;9;1;7;624.29;496.67;474.44;444.5;400.29
8200;Sant Boi de Llobregat;Sant Boi de Llobregat;Barcelona;906;1268;1128;1047;1097;712.79;673.41;639.59;590.69;551.59
8201;Sant Boi de Lluçanès;Sant Boi de Lluçanès;Barcelona;7;6;8;4;6;419.29;370.83;300.63;;365
43136;Sant Carles de la Ràpita;Sant Carles de la Ràpita;Tarragona;321;269;228;235;247;349.15;325.91;290.42;293.47;261.42
8203;Sant Cebrià de Vallalta;Sant Cebrià de Vallalta;Barcelona;37;51;35;38;55;723.38;717.93;568.41;616.18;609.55
8202;Sant Celoni;Sant Celoni;Barcelona;334;371;296;282;327;577.54;541.8;505.98;466.81;434.55
8204;Sant Climent de Llobregat;Sant Climent de Llobregat;Barcelona;66;79;67;54;49;711.6;693.65;660.24;599.63;586.53
17158;Sant Climent Sescebes;Sant Climent Sescebes;Girona;13;18;16;19;6;513.08;430.56;469.69;447.47;387.5
8205;Sant Cugat del Vallès;Sant Cugat del Vallès;Barcelona;2232;2172;1975;1513;1587;1134.23;1149.55;1095.85;996.07;897.54
8206;Sant Cugat Sesgarrigues;Sant Cugat Sesgarrigues;Barcelona;9;6;8;14;5;504.89;417.5;568.75;555.71;
25196;Sant Esteve de la Sarga;Sant Esteve de la Sarga;Lleida;2;;1;;;;;;;
8207;Sant Esteve de Palautordera;Sant Esteve de Palautordera;Barcelona;69;75;5;66;78;612.61;630.75;623.08;588.08;510.79
8208;Sant Esteve Sesrovires;Sant Esteve Sesrovires;Barcelona;114;16;12;114;136;806.28;769.38;774.47;662.86;666.91
17159;Sant Feliu de Buixalleu;Sant Feliu de Buixalleu;Girona;16;11;7;7;11;597.92;525.45;646.43;932.86;535
821;Sant Feliu de Codines;Sant Feliu de Codines;Barcelona;195;229;224;197;189;551.46;524.28;495.01;442.86;398.73
1716;Sant Feliu de Guíxols;Sant Feliu de Guíxols;Girona;498;46;459;485;451;571.01;535.23;500.09;464.26;458.74
8211;Sant Feliu de Llobregat;Sant Feliu de Llobregat;Barcelona;665;632;567;613;597;816.46;756.08;729.24;632.7;596.59
17161;Sant Feliu de Pallerols;Sant Feliu de Pallerols;Girona;31;42;37;24;2;485.81;369.52;390.68;315.83;306
8212;Sant Feliu Sasserra;Sant Feliu Sasserra;Barcelona;5;2;7;4;6;;;335.71;;318.89
17162;Sant Ferriol;Sant Ferriol;Girona;1;1;2;1;1;;;;;
8209;Sant Fost de Campsentelles;Sant Fost de Campsentelles;Barcelona;69;79;76;55;91;818.88;829.91;749.17;709.12;721.1
8213;Sant Fruitós de Bages;Sant Fruitós de Bages;Barcelona;11;154;141;111;9;496.47;485.2;419.38;409.47;433.41
17163;Sant Gregori;Sant Gregori;Girona;44;63;49;47;38;680.43;711.54;669.17;646.61;501.64
25192;Sant Guim de Freixenet;Sant Guim de Freixenet;Lleida;21;15;12;11;17;300.24;259.47;209.17;224.55;281.18
25197;Sant Guim de la Plana;Sant Guim de la Plana;Lleida;;;;;;;;;;
17164;Sant Hilari Sacalm;Sant Hilari Sacalm;Girona;102;116;108;118;97;371.05;347.83;335.88;328.84;315.9
8215;Sant Hipòlit de Voltregà;Sant Hipòlit de Voltregà;Barcelona;4;35;36;4;39;464.81;432.71;397.08;351.88;335.92
8193;Sant Iscle de Vallalta;Sant Iscle de Vallalta;Barcelona;21;13;22;24;12;622.71;765.38;552.63;580.54;511.67
8216;Sant Jaume de Frontanyà;Sant Jaume de Frontanyà;Barcelona;;;;2;;;;;;
17165;Sant Jaume de Llierca;Sant Jaume de Llierca;Girona;9;23;16;5;19;424.91;422.25;397.8;;375
43137;Sant Jaume dels Domenys;Sant Jaume dels Domenys;Tarragona;35;33;33;34;25;475.59;502.88;491.82;448.44;413.6
43902;Sant Jaume d'Enveja;Sant Jaume d'Enveja;Tarragona;34;27;23;2;17;343.82;291.82;293.22;263.31;297.94
17167;Sant Joan de les Abadesses;Sant Joan de les Abadesses;Girona;57;34;57;3;3;350.24;339.7;322.31;313.73;283.55
17168;Sant Joan de Mollet;Sant Joan de Mollet;Girona;11;7;5;7;4;586.37;681.57;;1068.57;
8218;Sant Joan de Vilatorrada;Sant Joan de Vilatorrada;Barcelona;122;114;12;134;138;489.04;459.5;399.08;384.52;364.82
8217;Sant Joan Despí;Sant Joan Despí;Barcelona;541;613;452;431;502;849.37;814.73;754.45;697.11;650.64
17185;Sant Joan les Fonts;Sant Joan les Fonts;Girona;51;46;47;64;44;412.24;420.89;370.92;355.75;343.57
17166;Sant Jordi Desvalls;Sant Jordi Desvalls;Girona;19;23;7;1;11;585.79;455.87;521.86;505;434.73
8903;Sant Julià de Cerdanyola;Sant Julià de Cerdanyola;Barcelona;;5;2;5;3;;;;;
17169;Sant Julià de Ramis;Sant Julià de Ramis;Girona;45;5;47;34;41;641.89;592.98;640.38;582.33;536.05
822;Sant Julià de Vilatorta;Sant Julià de Vilatorta;Barcelona;38;41;3;33;39;585.1;449.77;408.65;432.96;422.82
17903;Sant Julià del Llor i Bonmatí;Sant Julià del Llor i Bonmatí;Girona;25;33;12;26;13;436.8;466.44;383.33;474.33;326.15
8221;Sant Just Desvern;Sant Just Desvern;Barcelona;42;363;438;298;344;1092.02;1058.92;891.94;1003.18;941.59
17171;Sant Llorenç de la Muga;Sant Llorenç de la Muga;Girona;5;7;6;4;7;;407.14;475;;384.29
25193;Sant Llorenç de Morunys;Sant Llorenç de Morunys;Lleida;12;15;1;1;14;273.68;326.67;257.8;273;275.48
8222;Sant Llorenç d'Hortons;Sant Llorenç d'Hortons;Barcelona;46;46;53;46;59;579.13;509.23;544.06;473.04;467.37
8223;Sant Llorenç Savall;Sant Llorenç Savall;Barcelona;48;52;46;5;48;432.67;454.54;400.47;356.31;362
8225;Sant Martí d'Albars;Sant Martí d'Albars;Barcelona;;;;;;;;;;
8224;Sant Martí de Centelles;Sant Martí de Centelles;Barcelona;3;43;58;48;43;485.84;487.13;390.44;390.75;376.59
17172;Sant Martí de Llémena;Sant Martí de Llémena;Girona;5;3;8;8;1;;;720.25;621.88;
25902;Sant Martí de Riucorb;Sant Martí de Riucorb;Lleida;3;3;6;;3;;;331.67;;
8226;Sant Martí de Tous;Sant Martí de Tous;Barcelona;7;5;4;9;6;376.43;;;544.44;491.67
8227;Sant Martí Sarroca;Sant Martí Sarroca;Barcelona;56;52;35;5;34;538.96;523.07;480.43;436.26;425.66
8228;Sant Martí Sesgueioles;Sant Martí Sesgueioles;Barcelona;4;3;2;6;3;;;;333.33;
17173;Sant Martí Vell;Sant Martí Vell;Girona;2;1;2;3;3;;;;;
8229;Sant Mateu de Bages;Sant Mateu de Bages;Barcelona;1;4;4;7;6;528;;;48;382.83
17174;Sant Miquel de Campmajor;Sant Miquel de Campmajor;Girona;;1;;;2;;;;;
17175;Sant Miquel de Fluvià;Sant Miquel de Fluvià;Girona;6;6;3;4;4;653.33;663.08;;;
17176;Sant Mori;Sant Mori;Girona;2;2;1;4;3;;;;;
17177;Sant Pau de Segúries;Sant Pau de Segúries;Girona;12;13;12;9;8;400.05;488.85;384.5;325;268.13
8231;Sant Pere de Ribes;Sant Pere de Ribes;Barcelona;535;529;488;458;457;758.7;702.77;660.32;604.72;567.6
8232;Sant Pere de Riudebitlles;Sant Pere de Riudebitlles;Barcelona;34;36;25;34;23;533.88;494.03;436.6;417.21;348.04
8233;Sant Pere de Torelló;Sant Pere de Torelló;Barcelona;22;21;23;17;2;429.88;342.21;325.56;329.2;357.66
8234;Sant Pere de Vilamajor;Sant Pere de Vilamajor;Barcelona;48;43;4;4;4;835.92;802.88;709.75;761.3;641.25
17178;Sant Pere Pescador;Sant Pere Pescador;Girona;51;5;47;53;56;444.51;448.9;402.02;412.01;380.24
8189;Sant Pere Sallavinera;Sant Pere Sallavinera;Barcelona;;;2;;2;;;;;
8235;Sant Pol de Mar;Sant Pol de Mar;Barcelona;141;137;134;155;139;724.68;697.42;651.52;583.45;569.02
8236;Sant Quintí de Mediona;Sant Quintí de Mediona;Barcelona;59;54;69;38;25;440.51;393;382.18;310.63;331.68
8237;Sant Quirze de Besora;Sant Quirze de Besora;Barcelona;33;48;29;27;25;411.84;384.79;373.96;356.71;356.43
8238;Sant Quirze del Vallès;Sant Quirze del Vallès;Barcelona;19;223;187;202;194;823.83;782.93;740.91;737.98;703.04
8239;Sant Quirze Safaja;Sant Quirze Safaja;Barcelona;17;14;14;8;8;666.18;615;611.79;49;512.5
25194;Sant Ramon;Sant Ramon;Lleida;4;;3;4;1;;;;;
824;Sant Sadurní d'Anoia;Sant Sadurní d'Anoia;Barcelona;28;283;265;242;238;578.07;522.59;502.16;454.68;448.56
8241;Sant Sadurní d'Osormort;Sant Sadurní d'Osormort;Barcelona;;;;8;8;;;;383.13;32
8098;Sant Salvador de Guardiola;Sant Salvador de Guardiola;Barcelona;1;25;23;24;24;594.5;534.76;572.32;578.96;502.83
8262;Sant Vicenç de Castellet;Sant Vicenç de Castellet;Barcelona;197;227;213;207;226;482.72;431.91;390.12;369.95;342.04
8264;Sant Vicenç de Montalt;Sant Vicenç de Montalt;Barcelona;103;109;102;104;93;1514.68;1251.57;1213.69;1148.23;1049.36
8265;Sant Vicenç de Torelló;Sant Vicenç de Torelló;Barcelona;23;32;27;25;24;430.17;394.97;323.89;309;311.22
8263;Sant Vicenç dels Horts;Sant Vicenç dels Horts;Barcelona;312;304;279;278;27;682.41;674.47;646.72;584.53;565.35
43138;Santa Bàrbara;Santa Bàrbara;Tarragona;56;53;43;45;43;301.79;284.65;272.45;268.83;257.56
8243;Santa Cecília de Voltregà;Santa Cecília de Voltregà;Barcelona;;;;;1;;;;;
8244;Santa Coloma de Cervelló;Santa Coloma de Cervelló;Barcelona;83;88;69;73;81;853.61;773.74;705.55;691.72;631.12
1718;Santa Coloma de Farners;Santa Coloma de Farners;Girona;247;251;262;228;242;493.9;481.32;467.88;416.82;403.73
8245;Santa Coloma de Gramenet;Santa Coloma de Gramenet;Barcelona;2083;211;1947;1858;1934;614.78;583.95;529.14;505.82;483.28
43139;Santa Coloma de Queralt;Santa Coloma de Queralt;Tarragona;38;42;35;27;27;313.17;287.5;339.51;274.63;295.37
17181;Santa Cristina d'Aro;Santa Cristina d'Aro;Girona;66;59;5;56;64;675.85;580.55;584.56;505.27;504.98
8246;Santa Eugènia de Berga;Santa Eugènia de Berga;Barcelona;36;28;25;29;4;502.78;497.59;515.37;461.77;437.81
8247;Santa Eulàlia de Riuprimer;Santa Eulàlia de Riuprimer;Barcelona;15;26;18;16;16;532.4;483.92;493.06;473.75;427.19
8248;Santa Eulàlia de Ronçana;Santa Eulàlia de Ronçana;Barcelona;8;61;55;77;61;776.26;757.16;707.73;649;636.15
8249;Santa Fe del Penedès;Santa Fe del Penedès;Barcelona;2;1;1;3;1;;;;;
17182;Santa Llogaia d'Àlguema;Santa Llogaia d'Àlguema;Girona;3;4;2;7;6;;;;416.43;508.33
825;Santa Margarida de Montbui;Santa Margarida de Montbui;Barcelona;13;132;138;12;115;421.26;382.25;354.77;325.16;320.39
8251;Santa Margarida i els Monjos;Santa Margarida i els Monjos;Barcelona;103;134;93;88;93;450.31;430.22;452.84;407.1;399.1
8253;Santa Maria de Besora;Santa Maria de Besora;Barcelona;1;3;2;2;2;;;;;
8256;Santa Maria de Martorelles;Santa Maria de Martorelles;Barcelona;6;8;8;7;14;673.33;581.25;565.63;522.14;577.14
8255;Santa Maria de Merlès;Santa Maria de Merlès;Barcelona;2;2;1;;4;;;;;
8257;Santa Maria de Miralles;Santa Maria de Miralles;Barcelona;;;1;;;;;;;
8259;Santa Maria de Palautordera;Santa Maria de Palautordera;Barcelona;131;147;112;143;131;585.39;586.4;575.52;520.19;473.55
8258;Santa Maria d'Oló;Santa Maria d'Oló;Barcelona;14;12;11;5;3;417.5;396.08;460.91;;
4314;Santa Oliva;Santa Oliva;Tarragona;32;33;21;23;18;572.34;556.27;525.93;555.87;473.89
17184;Santa Pau;Santa Pau;Girona;12;13;12;12;11;623.75;483.38;520.83;510.42;505
826;Santa Perpètua de Mogoda;Santa Perpètua de Mogoda;Barcelona;367;281;301;301;32;643.99;629.02;596.36;523.53;489.18
8261;Santa Susanna;Santa Susanna;Barcelona;56;46;33;35;7;778.57;748.15;708;567.46;602.24
8192;Santpedor;Santpedor;Barcelona;125;118;123;105;109;486;484.18;430.11;411.51;415.37
43142;Sarral;Sarral;Tarragona;15;1;11;7;8;345.67;352.5;372.73;332.14;327.5
17186;Sarrià de Ter;Sarrià de Ter;Girona;57;78;52;57;109;590.17;562.13;573.6;518.33;506.57
25201;Sarroca de Bellera;Sarroca de Bellera;Lleida;;;;;;;;;;
25200;Sarroca de Lleida;Sarroca de Lleida;Lleida;;;;;;;;;;
17187;Saus, Camallera i Llampaies;Saus, Camallera i Llampaies;Girona;1;3;8;6;7;655;;463.75;570.83;587.14
43143;Savallà del Comtat;Savallà del Comtat;Tarragona;;1;;;1;;;;;
43144;Secuita, la;Secuita, la;Tarragona;22;23;33;17;24;472.77;463.7;495.63;539.71;449.05
17188;Selva de Mar, la;Selva de Mar, la;Girona;2;7;1;;;;510.71;;;
43145;Selva del Camp, la;Selva del Camp, la;Tarragona;61;6;54;6;51;458.44;437.43;442.37;401.17;421.18
43146;Senan;Senan;Tarragona;;;;1;1;;;;;
43044;Sénia, la;Sénia, la;Tarragona;41;34;4;21;21;279.15;252.15;256.63;235.64;239.05
25202;Senterada;Senterada;Lleida;7;6;4;3;7;282.86;274.17;;;292.86
25035;Sentiu de Sió, la;Sentiu de Sió, la;Lleida;1;1;2;1;2;;;;;
8267;Sentmenat;Sentmenat;Barcelona;144;14;205;15;134;577.91;544.11;501.22;511.16;440.46
1719;Serinyà;Serinyà;Girona;22;16;9;14;17;531.82;518.31;51;398.57;437.35
25204;Seròs;Seròs;Lleida;14;8;8;7;7;323.21;354.32;360.16;338.57;368.71
17191;Serra de Daró;Serra de Daró;Girona;2;1;1;2;1;;;;;
17192;Setcases;Setcases;Girona;1;1;4;1;1;;;;;
25203;Seu d'Urgell, la;Seu d'Urgell, la;Lleida;425;457;516;383;358;394.45;384.32;368.95;361.87;362.16
8269;Seva;Seva;Barcelona;49;54;56;41;41;606.45;617.69;586.43;583.32;454.51
25205;Sidamon;Sidamon;Lleida;6;2;4;4;5;379.17;;;;
17193;Sils;Sils;Girona;93;99;102;81;79;568.62;468.65;505.46;486.38;491.43
827;Sitges;Sitges;Barcelona;909;895;814;655;77;1021.48;983.74;955.37;847.11;756.66
17052;Siurana;Siurana;Girona;1;2;2;;1;;;;;
8271;Sobremunt;Sobremunt;Barcelona;;1;;;;;;;;
25206;Soleràs, el;Soleràs, el;Lleida;1;1;;;;;;;;
43147;Solivella;Solivella;Tarragona;4;7;;2;2;;337.86;;;
25207;Solsona;Solsona;Lleida;300;274;185;27;255;332.43;310.04;323.64;273.86;279.85
8272;Sora;Sora;Barcelona;4;2;2;;1;;;;;
25208;Soriguera;Soriguera;Lleida;8;3;5;4;6;367.38;;;;389.83
25209;Sort;Sort;Lleida;59;84;71;79;75;357.99;340.88;320.35;315.51;302.4
2521;Soses;Soses;Lleida;6;4;7;4;4;316.67;;356.89;;
8273;Subirats;Subirats;Barcelona;35;24;23;18;22;555.09;506.78;490.43;437.5;473.86
25211;Sudanell;Sudanell;Lleida;3;2;2;1;2;;;;;
25212;Sunyer;Sunyer;Lleida;1;4;3;3;3;;;;;
8274;Súria;Súria;Barcelona;58;71;47;32;32;377.91;373.6;370.16;365.56;328.34
17194;Susqueda;Susqueda;Girona;1;3;;1;1;;;;;
8276;Tagamanent;Tagamanent;Barcelona;3;3;2;6;5;;;;545.36;
8277;Talamanca;Talamanca;Barcelona;7;5;6;1;2;485;;346.67;394.83;
25215;Talarn;Talarn;Lleida;5;5;2;1;4;;;;;
25216;Talavera;Talavera;Lleida;1;;2;;1;;;;;
17195;Tallada d'Empordà, la;Tallada d'Empordà, la;Girona;3;2;3;;1;;;;;
8278;Taradell;Taradell;Barcelona;15;146;141;154;128;511.66;483.52;437.2;410.16;387.22
43148;Tarragona;Tarragona;Tarragona;4026;4321;4241;3956;4010;533.05;513.78;476.75;447.67;431.53
25217;Tàrrega;Tàrrega;Lleida;264;299;268;246;263;370.53;331.56;306.62;291.94;287.71
25218;Tarrés;Tarrés;Lleida;1;1;;;;;;;;
25219;Tarroja de Segarra;Tarroja de Segarra;Lleida;;;;1;1;;;;;
8275;Tavèrnoles;Tavèrnoles;Barcelona;3;2;;;1;;;;;
828;Tavertet;Tavertet;Barcelona;2;;;;;;;;;
8281;Teià;Teià;Barcelona;75;92;87;79;82;996.39;1117.67;834.37;969.1;885.41
2522;Térmens;Térmens;Lleida;6;5;11;4;3;380.83;;315.45;;
17196;Terrades;Terrades;Girona;4;11;5;6;5;;638.18;;583.33;
8279;Terrassa;Terrassa;Barcelona;4555;5001;4782;4264;4219;615.08;560.85;525.74;481.33;446.2
8282;Tiana;Tiana;Barcelona;124;14;91;86;91;1005.61;926;930.22;896.13;762.95
25221;Tírvia;Tírvia;Lleida;2;1;2;1;3;;;;;
25222;Tiurana;Tiurana;Lleida;1;;;;;;;;;
43149;Tivenys;Tivenys;Tarragona;8;1;3;7;6;296.25;314.5;;247.14;297.5
4315;Tivissa;Tivissa;Tarragona;13;5;9;5;5;268.5;;245.67;;
8283;Tona;Tona;Barcelona;163;115;137;139;172;530.57;509.89;482.45;438.67;384.14
25223;Torà;Torà;Lleida;32;27;25;19;16;403.38;295.59;294;274.21;292.5
8284;Tordera;Tordera;Barcelona;259;28;225;24;291;509.9;471.96;457.09;428.31;389.32
8285;Torelló;Torelló;Barcelona;229;242;252;231;252;435.77;417.2;387.08;354.13;350.6
25224;Torms, els;Torms, els;Lleida;;;1;;;;;;;
25225;Tornabous;Tornabous;Lleida;6;6;5;;3;325;414.17;;;
25227;Torre de Cabdella, la;Torre de Cabdella, la;Lleida;3;6;;1;11;;322.5;;;90.91
8286;Torre de Claramunt, la;Torre de Claramunt, la;Barcelona;26;35;44;34;25;575.58;576.43;525.3;512.21;651.32
43151;Torre de Fontaubella, la;Torre de Fontaubella, la;Tarragona;;;1;;;;;;;
43152;Torre de l'Espanyol, la;Torre de l'Espanyol, la;Tarragona;;;4;;2;;;;;
25226;Torrebesses;Torrebesses;Lleida;;;2;;;;;;;
43153;Torredembarra;Torredembarra;Tarragona;561;488;48;475;506;508.27;487.6;466.47;430.84;429.09
25228;Torrefarrera;Torrefarrera;Lleida;78;61;88;58;7;472.91;407.02;441.3;422.68;391.89
25907;Torrefeta i Florejacs;Torrefeta i Florejacs;Lleida;3;2;5;7;2;;;;258.57;
2523;Torregrossa;Torregrossa;Lleida;5;17;11;14;19;;300.7;294.92;291.43;284.74
25231;Torrelameu;Torrelameu;Lleida;2;4;2;;;;;;;
8287;Torrelavit;Torrelavit;Barcelona;14;16;22;19;22;486.07;505.29;413.69;402.37;450.73
8288;Torrelles de Foix;Torrelles de Foix;Barcelona;37;35;49;42;28;468.16;454.42;400.46;390.71;352.62
8289;Torrelles de Llobregat;Torrelles de Llobregat;Barcelona;98;98;89;73;97;681.63;736.6;710.98;676.89;607.6
17197;Torrent;Torrent;Girona;2;;;2;;;;;;
25232;Torres de Segre;Torres de Segre;Lleida;6;4;1;8;4;388;;;330.59;
25233;Torre0serona;Torre-serona;Lleida;2;1;2;2;2;;;;;
17198;Torroella de Fluvià;Torroella de Fluvià;Girona;12;16;16;15;13;587.5;660.34;577.81;441.7;601.54
17199;Torroella de Montgrí;Torroella de Montgrí;Girona;205;212;18;196;14;541.34;499.79;471.52;449.53;418.16
43154;Torroja del Priorat;Torroja del Priorat;Tarragona;1;;;1;1;;;;;
17200;Tortellà;Tortellà;Girona;8;1;13;14;11;492.81;426.5;462.69;432.14;352.27
43155;Tortosa;Tortosa;Tarragona;831;883;793;786;719;376.08;346.42;337.72;327.78;314.33
17201;Toses;Toses;Girona;1;1;1;4;;;;;;
17202;Tossa de Mar;Tossa de Mar;Girona;91;95;88;74;74;549.55;512;488.37;482.11;436.78
25234;Tremp;Tremp;Lleida;81;92;88;77;85;333.41;315.5;301.89;303.26;264.71
17204;Ullà;Ullà;Girona;15;17;16;1;8;627.33;493.2;509.85;400.76;559.63
829;Ullastrell;Ullastrell;Barcelona;21;19;21;14;23;722.67;708.1;703.1;635.36;650.45
17205;Ullastret;Ullastret;Girona;2;4;5;1;5;;;;;
43156;Ulldecona;Ulldecona;Tarragona;54;71;65;55;31;293.24;251.83;246.88;241.64;274.78
43157;Ulldemolins;Ulldemolins;Tarragona;3;4;3;3;2;;;;;
17203;Ultramort;Ultramort;Girona;4;3;3;4;2;;;;;
17206;Urús;Urús;Girona;4;1;6;2;3;;;599.17;;
8291;Vacarisses;Vacarisses;Barcelona;64;79;53;49;54;683.15;746.99;726.98;675.49;562.81
17014;Vajol, la;Vajol, la;Girona;;1;1;;1;;;;;
17208;Vall de Bianya, la;Vall de Bianya, la;Girona;8;16;1;12;14;551.88;477.19;475;450.42;508.93
25043;Vall de Boí, la;Vall de Boí, la;Lleida;1;12;4;9;1;;423.33;;384.21;
25901;Vall de Cardós;Vall de Cardós;Lleida;4;3;5;3;1;;;;;
17207;Vall d'en Bas, la;Vall d'en Bas, la;Girona;35;41;41;35;29;477.36;483.41;504.88;452.57;452.07
8292;Vallbona d'Anoia;Vallbona d'Anoia;Barcelona;14;14;12;12;4;562.14;437.08;441.45;502.5;
25238;Vallbona de les Monges;Vallbona de les Monges;Lleida;;1;1;1;2;;;;;
8293;Vallcebre;Vallcebre;Barcelona;1;6;3;1;;;396.67;;;
43158;Vallclara;Vallclara;Tarragona;;;;;1;;;;;
2524;Vallfogona de Balaguer;Vallfogona de Balaguer;Lleida;23;22;16;14;8;340.86;363.73;349.06;302.33;325
1717;Vallfogona de Ripollès;Vallfogona de Ripollès;Girona;;3;;1;1;;;;;
43159;Vallfogona de Riucorb;Vallfogona de Riucorb;Tarragona;1;1;3;1;;;;;;
8294;Vallgorguina;Vallgorguina;Barcelona;28;26;34;28;34;871.25;690.76;670.56;639.69;630.66
8295;Vallirana;Vallirana;Barcelona;181;207;200;173;219;786.58;723.51;732.79;628.46;602.08
17209;Vall0llobrega;Vall-llobrega;Girona;6;2;1;5;4;585;;;;
4316;Vallmoll;Vallmoll;Tarragona;13;17;17;17;16;496.92;472.06;478.53;455.59;403.44
8296;Vallromanes;Vallromanes;Barcelona;29;36;34;38;3;1041.28;946.51;896.62;1040.57;901.79
43161;Valls;Valls;Tarragona;504;469;453;472;496;431.33;407.31;386.36;380.49;381.33
25906;Valls d'Aguilar, les;Valls d'Aguilar, les;Lleida;1;2;;3;3;;;;;
25239;Valls de Valira, les;Valls de Valira, les;Lleida;7;11;11;7;5;517.86;503.64;450.91;453.57;
43162;Vandellòs i l'Hospitalet de l'Infant;Vandellòs i l'Hospitalet de l'Infant;Tarragona;75;7;81;73;69;485.95;463.79;433.13;458.26;401.54
25909;Vansa i Fórnols, la;Vansa i Fórnols, la;Lleida;;;;;1;;;;;
8297;Veciana;Veciana;Barcelona;;2;2;1;1;;;;;
43163;Vendrell, el;Vendrell, el;Tarragona;827;885;793;756;755;500.78;464.49;429.26;404.17;377.41
1721;Ventalló;Ventalló;Girona;1;8;18;11;8;609.5;535.63;493.61;516.82;521.87
25242;Verdú;Verdú;Lleida;2;7;5;2;1;;382.86;;;
17211;Verges;Verges;Girona;19;28;19;23;16;487.32;461.79;448.74;433.26;453.44
43164;Vespella de Gaià;Vespella de Gaià;Tarragona;3;3;4;2;3;;;;;
8298;Vic;Vic;Barcelona;1203;1218;1198;1181;1354;558.95;522.27;494.2;455.26;441.24
17212;Vidrà;Vidrà;Girona;3;;4;;1;;;;;
17213;Vidreres;Vidreres;Girona;91;77;83;78;57;580.62;591.62;490.53;499.62;483.37
25243;Vielha e Mijaran;Vielha e Mijaran;Lleida;65;68;49;54;6;549.82;550.09;575.84;540.91;489.19
43165;Vilabella;Vilabella;Tarragona;6;5;5;2;4;344.83;;;;
17214;Vilabertran;Vilabertran;Girona;1;7;16;9;18;565;499.29;495.31;520.56;481.94
17215;Vilablareix;Vilablareix;Girona;15;14;2;2;11;727;644.29;632.65;641.88;609.59
8299;Vilada;Vilada;Barcelona;5;7;9;4;4;;328.57;272.78;;
17217;Viladamat;Viladamat;Girona;3;2;3;2;3;;;;;
17216;Viladasens;Viladasens;Girona;5;3;2;2;;;;;;
8301;Viladecans;Viladecans;Barcelona;796;79;795;65;628;746.27;724.38;683.76;624.41;604.08
8300;Viladecavalls;Viladecavalls;Barcelona;25;54;46;42;34;852.73;714.26;729.86;692.36;655.48
17218;Vilademuls;Vilademuls;Girona;17;7;13;7;7;684.71;614.29;625.38;642.86;607.14
1722;Viladrau;Viladrau;Girona;19;19;15;23;1;454.47;422.89;503;442.39;443
17221;Vilafant;Vilafant;Girona;59;33;45;4;33;591.9;523.18;528.56;508.96;532.42
8305;Vilafranca del Penedès;Vilafranca del Penedès;Barcelona;911;93;928;846;835;562.01;518.54;491.45;445.07;407.92
25244;Vilagrassa;Vilagrassa;Lleida;11;7;1;9;1;275;430.29;306.52;211.11;317
17223;Vilajuïga;Vilajuïga;Girona;14;15;13;18;24;445;433.14;423.08;421.01;414.36
43175;Vilalba dels Arcs;Vilalba dels Arcs;Tarragona;;;;1;1;;;;;
8306;Vilalba Sasserra;Vilalba Sasserra;Barcelona;17;24;16;14;13;573.53;545.42;508.06;534.64;483.85
25245;Vilaller;Vilaller;Lleida;3;7;2;1;;;331.11;;;
17224;Vilallonga de Ter;Vilallonga de Ter;Girona;3;3;2;2;;;;;;
43166;Vilallonga del Camp;Vilallonga del Camp;Tarragona;45;4;58;44;56;449.78;439.96;384.43;370.14;397.68
17225;Vilamacolum;Vilamacolum;Girona;2;3;8;5;3;;;381.25;;
17226;Vilamalla;Vilamalla;Girona;12;11;13;9;12;508.08;503.18;638.27;577.22;382.87
17227;Vilamaniscle;Vilamaniscle;Girona;1;2;1;2;2;;;;;
25247;Vilamòs;Vilamòs;Lleida;;;;;;;;;;
17228;Vilanant;Vilanant;Girona;5;1;1;8;2;;563.5;586;535;
25248;Vilanova de Bellpuig;Vilanova de Bellpuig;Lleida;5;4;7;1;4;;;305;;
25254;Vilanova de la Barca;Vilanova de la Barca;Lleida;7;4;5;3;5;368.65;;;;
25249;Vilanova de l'Aguda;Vilanova de l'Aguda;Lleida;1;;1;;;;;;;
2525;Vilanova de Meià;Vilanova de Meià;Lleida;3;;1;2;4;;;;;
43168;Vilanova de Prades;Vilanova de Prades;Tarragona;1;;;;1;;;;;
8303;Vilanova de Sau;Vilanova de Sau;Barcelona;4;7;5;5;2;;465.71;;;
25251;Vilanova de Segrià;Vilanova de Segrià;Lleida;4;3;1;1;4;;;;376.5;
8302;Vilanova del Camí;Vilanova del Camí;Barcelona;179;187;154;151;154;423.63;399.63;359.24;346.01;324.42
8902;Vilanova del Vallès;Vilanova del Vallès;Barcelona;75;89;72;58;58;866.36;783;741.81;743.66;757.15
43167;Vilanova d'Escornalbou;Vilanova d'Escornalbou;Tarragona;12;2;6;2;4;473.5;;379.17;;
8307;Vilanova i la Geltrú;Vilanova i la Geltrú;Barcelona;1402;133;1264;1057;1258;647.79;631.68;583.23;543.42;516.47
43169;Vilaplana;Vilaplana;Tarragona;2;4;5;3;2;;;;;
4317;Vila0rodona;Vila-rodona;Tarragona;13;1;18;2;15;419.62;358;361.94;352.75;352.33
1723;Vila0sacra;Vila-sacra;Girona;17;11;15;1;9;481.18;498.18;51;450.1;448.33
25252;Vila0sana;Vila-sana;Lleida;4;3;3;1;3;;;;;
43171;Vila0seca;Vila-seca;Tarragona;369;361;347;367;322;483.78;476.81;448.31;422.55;415.64
8214;Vilassar de Dalt;Vilassar de Dalt;Barcelona;158;164;15;131;144;878.32;789.1;720.33;699.02;656.74
8219;Vilassar de Mar;Vilassar de Mar;Barcelona;521;513;452;339;388;888.35;823.92;798.68;752.13;701.82
17222;Vilaür;Vilaür;Girona;;1;4;2;3;;;;;
43172;Vilaverd;Vilaverd;Tarragona;3;2;5;;2;;;;;
43173;Vilella Alta, la;Vilella Alta, la;Tarragona;;2;;1;;;;;;
43174;Vilella Baixa, la;Vilella Baixa, la;Tarragona;1;3;2;;;;;;;
8304;Vilobí del Penedès;Vilobí del Penedès;Barcelona;5;6;3;13;8;;542.17;;635;515.63
17233;Vilobí d'Onyar;Vilobí d'Onyar;Girona;43;43;41;55;44;612.44;547.79;513.78;462.14;485.05
17232;Vilopriu;Vilopriu;Girona;5;1;2;2;5;;;;;
25253;Vilosell, el;Vilosell, el;Lleida;1;;;1;1;;;;;
43176;Vimbodí i Poblet;Vimbodí i Poblet;Tarragona;1;11;1;6;5;372.5;390.91;311;34;
25255;Vinaixa;Vinaixa;Lleida;1;2;;2;;;;;;
43177;Vinebre;Vinebre;Tarragona;2;2;7;1;;;;244.29;;
43178;Vinyols i els Arcs;Vinyols i els Arcs;Tarragona;41;33;3;38;31;469.12;446.52;431.37;390.79;397.1
8308;Viver i Serrateix;Viver i Serrateix;Barcelona;1;;1;1;;;;;;
43052;Xerta;Xerta;Tarragona;9;8;7;2;5;332.78;335;344.29;;
8019;Ciutat Vella;Barcelona;Barcelona;4544;4607;4977;4484;4182;;914.04;828.79;739.23;675.74
8019;Eixample;Barcelona;Barcelona;10994;11513;10024;8457;8538;;1038.38;990.73;917.27;831.44
8019;Sants0Montjuïc;Barcelona;Barcelona;5216;5769;493;4285;4297;;803.74;763.17;678.78;624.52
8019;Les Corts;Barcelona;Barcelona;2300;2357;2131;1847;1814;;1089.53;1052.3;985.94;925.45
8019;Sarrià0Sant Gervasi;Barcelona;Barcelona;5345;5305;4616;4107;4152;;1268.92;1227.89;1144.71;1051.23
8019;Gràcia;Barcelona;Barcelona;5097;5221;4851;4049;4192;;904.53;856.42;787.86;721.65
8019;Horta0Guinardó;Barcelona;Barcelona;438;4511;4196;3656;3527;;746.16;706.63;640.15;586.85
8019;Nou Barris;Barcelona;Barcelona;3219;3444;3146;2788;2724;;674.59;625.51;561.07;518.8
8019;Sant Andreu;Barcelona;Barcelona;2971;3285;2982;2445;2724;;762.71;705.66;644.91;611
8019; Sant Martí;Barcelona;Barcelona;5723;5969;5473;451;4473;;884.51;842.33;771.41;700.56
